# FBR-10-OLF2-MOTORROUTE frozen node manifest
# Derived from the canonical FBC103 binary SHA-256 0044ab166af3439f2b86d4e6c5897481a1c3f28a58b6afb2c4f761489b276bbf
# Exactly 16,669 published MaleCNS v1.0 bodyIds; do not edit manually.
38099
46599
100636
136304
223268
227124
227168
500135
543525
589572
10003
10011
10027
10029
10046
10050
10053
10061
10072
10078
10088
10092
10100
10102
10105
10107
10108
10129
10132
10158
10188
10204
10211
10220
10222
10226
10232
10255
10260
10265
10269
10276
10278
10289
10293
10294
10303
10306
10314
10317
10318
10322
10327
10337
10338
10345
10362
10415
10428
10432
10455
10475
10477
10532
10551
10566
10608
10630
10652
10663
10677
10679
10687
10696
10735
10750
10762
10776
10785
10787
10809
10815
10825
10836
10852
10854
10869
10891
10908
10914
10928
11013
11035
11046
11070
11081
11094
11106
11144
11155
11180
11203
11254
11260
11264
11309
11319
11344
11368
11406
11448
11548
11586
11602
11628
11638
11639
11658
11665
11671
11716
11802
11806
11843
11849
11967
12067
12240
12403
12500
12677
12688
12710
12722
12727
12880
12966
13040
13211
13391
13551
13591
13736
13910
14262
14341
15042
16021
16182
17939
18577
19494
22325
23893
24684
26553
27263
29775
29991
32678
35711
36299
36705
46871
67118
77350
89399
100604
107740
125256
133721
286259
511797
512295
514230
517193
517452
519263
519789
519899
519900
521333
521633
531862
532255
537899
539413
555837
580605
10002
10006
10012
10015
10016
10019
10023
10025
10034
10037
10067
10073
10081
10121
10125
10130
10149
10164
10170
10174
10178
10181
10189
10190
10200
10214
10229
10231
10248
10250
10251
10256
10266
10272
10309
10312
10335
10340
10343
10367
10372
10381
10387
10398
10400
10419
10439
10445
10450
10476
10481
10485
10533
10541
10556
10579
10586
10675
10682
10685
10693
10714
10718
10723
10729
10764
10771
10796
10862
10896
10901
10915
10936
10955
10958
11009
11015
11031
11040
11055
11077
11089
11090
11117
11124
11146
11161
11163
11169
11187
11202
11219
11291
11293
11300
11322
11335
11348
11358
11375
11396
11417
11435
11454
11463
11473
11485
11498
11522
11545
11579
11590
11609
11670
11690
11696
11726
11735
11812
11842
11887
11907
11926
11947
11953
12014
12032
12048
12070
12094
12127
12140
12172
12202
12264
12294
12295
12328
12349
12384
12414
12439
12440
12483
12521
12611
12634
12640
12662
12666
12740
12764
12786
12824
12835
12928
12945
12957
12973
12998
13076
13090
13102
13132
13174
13196
13223
13236
13246
13285
13326
13362
13373
13497
13532
13534
13676
13682
13706
13726
13727
13740
13764
13766
13784
13830
13881
13984
14002
14006
14013
14030
14054
14077
14102
14207
14370
14465
14499
14512
14535
14630
14633
14679
14697
14706
14747
14748
14749
14774
14777
14819
14823
14833
14888
15018
15062
15074
15089
15097
15319
15334
15348
15369
15402
15422
15525
15576
15586
15658
15702
15716
15764
15769
15804
15870
15951
15976
16016
16128
16137
16138
16195
16286
16316
16367
16373
16461
16468
16469
16474
16486
16533
16628
16664
16674
16809
16819
16840
16859
16917
17004
17054
17059
17123
17196
17214
17266
17270
17340
17343
17364
17478
17515
17544
17548
17551
17598
17608
17610
17653
17668
17774
17775
17831
17843
17860
17880
17926
17942
17987
17990
18001
18127
18189
18396
18418
18432
18464
18478
18507
18672
18683
18900
18929
18936
18942
19034
19146
19190
19229
19233
19249
19260
19278
19420
19449
19503
19539
19543
19549
19550
19589
19605
19608
19623
19634
19645
19673
19787
19794
19830
19842
19887
19911
19954
19985
20016
20047
20056
20103
20162
20182
20240
20269
20282
20329
20334
20393
20399
20440
20471
20472
20535
20542
20572
20584
20588
20618
20634
20673
20694
20726
20749
20799
20808
20859
20861
20874
20917
20967
20976
21022
21045
21065
21071
21129
21151
21165
21225
21287
21299
21313
21318
21336
21350
21361
21368
21386
21448
21450
21540
21562
21648
21703
21721
21769
21780
21804
21808
21862
21899
21905
21962
22034
22132
22194
22218
22253
22261
22307
22328
22557
22677
22754
22772
22847
22922
22944
22966
22975
23062
23087
23098
23202
23226
23247
23349
23392
23497
23550
23590
23665
23729
23778
23792
23878
23919
23929
24015
24034
24118
24187
24268
24308
24309
24338
24401
24515
24523
24568
24605
24608
24636
24691
24753
24766
24800
24810
24840
25008
25027
25055
25136
25191
25209
25253
25267
25286
25308
25316
25410
25497
25511
25524
25572
25575
25584
25617
25636
25733
25772
25854
26112
26147
26150
26272
26393
26416
26528
26730
26769
26865
26915
26991
27023
27089
27140
27211
27347
27349
27355
27399
27449
27471
27566
27624
27691
27716
27750
27796
27829
28003
28011
28044
28188
28329
28401
28500
28614
28741
28871
28945
28980
29014
29183
29216
29287
29319
29348
29391
29402
29417
29469
29514
29563
29598
29702
29753
29815
29873
29954
29955
29986
30041
30087
30207
30298
30456
30480
30512
30693
30732
30803
30893
30895
30938
30951
31105
31257
31262
31301
31308
31429
31538
31563
31964
31988
32106
32162
32167
32223
32237
32507
32597
32737
32745
32867
33137
33185
33260
33303
33381
33396
33397
33406
33439
33545
33681
33694
33809
33940
33948
33965
34051
34110
34181
34372
34407
34600
34655
34681
34845
35262
35294
35616
35632
35643
35680
35810
35838
35876
35889
36264
36659
37431
37465
37587
37613
37645
37925
38065
38094
38542
38824
38837
38861
38890
39277
39620
40021
40212
40805
40811
40841
40960
41097
41196
41512
41852
42017
42084
42406
42489
42921
44783
45735
47394
47714
47982
49740
49806
50287
51105
52291
53000
54308
54522
55627
56229
57348
57463
58682
58775
59348
60721
60723
60970
63557
65563
65601
69151
70622
71135
71829
71975
74063
75698
76130
76711
77074
77306
77614
80824
81112
86673
92109
95241
97081
99656
100103
100485
106185
107513
111787
111903
112292
116953
123141
126518
129687
134521
155098
511788
511914
512255
512309
512320
512366
512705
513671
513930
514165
514508
514670
514741
514956
515476
515721
515844
515900
515971
516553
516845
516846
516882
516909
517078
517079
517336
517752
517819
517845
517925
518016
518439
518544
518730
518731
518983
519265
519323
519650
519658
519807
519931
520449
520764
520797
520798
521115
522472
522475
523062
524233
524331
524366
524899
524900
524959
525188
525844
526286
527408
529228
529674
530029
530136
531014
531850
532254
533129
533359
533460
533611
533895
534644
535214
535341
536444
537004
540078
543332
544069
551781
556682
562991
900035
29521
31800
32864
37570
38188
44983
46300
49373
49886
52159
54559
57676
68114
68734
69008
70865
71925
72708
73747
76087
76504
81505
81929
82328
84367
85186
85994
86031
86506
90580
91231
91417
91730
93298
93405
95196
97547
99523
99527
99612
101740
101942
104136
104730
105225
105612
106760
111407
111689
111946
115537
116085
117824
119792
120055
122717
124791
125395
126736
126837
128351
130673
131459
131890
133027
135248
137038
138085
138101
138215
139877
139937
140755
140946
141372
142188
143077
143391
143764
147261
148621
149192
152840
152946
153948
154593
155227
155228
157068
157408
157520
157828
158137
158788
158847
159185
160311
160438
160483
160961
162687
162830
163129
164841
165687
166688
166950
167456
168233
168415
168463
168906
171518
171940
172211
174566
175274
175290
176823
177417
177814
179786
180217
181265
182779
184230
186039
187984
188763
190279
191753
192631
195896
196513
197078
199226
201276
201369
202799
203443
204451
204564
205159
207918
210307
211453
213319
214490
215093
215957
215972
218478
220042
221071
221763
222687
223471
223643
223701
224538
224955
225117
227933
228191
228334
229640
230155
230736
233000
237542
238985
241925
242812
242908
243595
248307
251895
252695
252813
255283
256828
258507
259344
266910
268396
269408
274277
276359
277608
282834
289809
292378
316448
319525
323983
339206
342390
345137
349357
352444
356393
356588
363983
378794
387984
486076
488209
512830
513746
517352
519243
519526
519548
519553
519560
519868
520918
520919
520924
520926
521399
521431
521479
521553
521703
525108
525165
525170
525173
525260
526711
527158
527243
532767
535897
542600
542770
544934
545182
551819
551833
559288
561669
564310
564397
564905
566251
569120
569124
588642
901019
901030
916105
919289
925969
956041
358604174
433710777
587865169
833618894
876418966
877969460
880479827
1012495957
13491
21105
23209
38419
42028
44816
54104
71254
71330
86931
93290
107241
109574
114239
128129
129802
132583
159466
160435
180415
194138
223836
303314
511882
512913
513646
514188
515650
517256
522755
522757
556797
902216
933317
943302
338530985
1026733570
58532
64607
73646
87710
91673
95462
107589
220941
515547
516654
804864
805646
807234
808369
808825
809227
810049
810563
812342
815103
815236
815519
829341
850165
903475
26144
29561
31055
32912
35351
38160
38936
41796
42121
42619
46096
47851
49513
56087
68291
77185
79498
79515
79679
81935
82361
86281
95104
97027
106702
108362
110463
112105
114598
119378
119998
121617
123650
130622
131272
137011
141266
144112
149854
180267
210416
213985
217036
220799
238902
252889
261211
268351
270708
277683
331473
370273
403791
420561
435445
436612
478230
511976
512511
512975
513285
513688
514425
514687
515363
517276
517428
519586
519875
521444
521628
522305
522306
534437
536217
539978
547920
555290
556021
559266
559386
902180
918902
922950
928361
929401
932780
939616
944699
957696
236599764
469098413
1023184841
30930
38712
47680
48417
51454
52595
53582
54011
55899
91157
106125
114917
136883
144434
146426
166882
248176
285743
308684
913786
342042
10706
15569
48163
536275
800049
801205
801379
801906
802409
802424
802482
803140
803161
803374
803525
803739
803886
803989
804120
804176
804292
804361
804436
804777
805181
805200
805282
805327
805531
805588
805712
805722
805783
805864
805901
805931
805939
806053
806102
806332
806336
806337
806641
806652
806746
806921
807064
807130
807178
807217
807316
807458
807459
807602
807999
808045
808083
808135
808151
808312
808321
808446
808463
808495
808678
808817
808908
808963
808982
809260
809437
809607
809911
809958
810025
810435
810498
810738
810957
811008
811069
811078
811189
811262
811271
811397
811577
811931
812260
812579
812635
812658
812971
813053
813081
813147
813478
813494
813545
813795
814303
814498
814771
815249
815413
815419
815421
815450
815737
815827
815983
816764
816960
818186
818583
819101
819793
820945
821279
821345
824111
826051
830865
831656
849719
902359
902565
902687
903119
903221
903386
904274
904892
904997
905925
906251
906312
906377
906662
907578
907697
907742
908013
908095
908138
908166
908238
908258
908277
909335
909379
909836
910306
910609
911982
912266
912309
919506
929502
932861
1062512192
1110706007
10001
10010
10026
10030
10033
10038
10045
10048
10054
10056
10059
10063
10065
10068
10090
10091
10104
10106
10117
10118
10123
10124
10131
10135
10141
10143
10151
10160
10162
10163
10177
10192
10195
10197
10213
10216
10218
10221
10223
10228
10234
10236
10237
10244
10245
10247
10249
10259
10264
10274
10280
10281
10283
10286
10295
10296
10301
10304
10313
10336
10341
10342
10354
10360
10361
10366
10377
10379
10384
10388
10394
10411
10416
10417
10425
10433
10440
10442
10444
10446
10447
10449
10458
10460
10464
10469
10482
10499
10504
10506
10520
10527
10535
10536
10543
10544
10548
10552
10558
10562
10575
10577
10578
10580
10582
10584
10587
10589
10590
10601
10643
10649
10654
10662
10664
10668
10672
10674
10676
10680
10686
10700
10703
10705
10710
10711
10712
10713
10717
10724
10727
10732
10734
10739
10740
10752
10759
10760
10763
10765
10770
10783
10800
10805
10810
10813
10822
10823
10833
10834
10837
10838
10842
10844
10846
10853
10856
10873
10884
10885
10888
10895
10923
10924
10930
10931
10952
10957
10959
10967
10968
10971
10975
10976
10979
10985
10989
11002
11006
11020
11028
11036
11048
11057
11063
11065
11066
11067
11072
11074
11075
11078
11088
11097
11098
11103
11111
11116
11121
11127
11131
11133
11137
11158
11159
11160
11172
11173
11177
11179
11182
11198
11201
11204
11215
11222
11223
11232
11233
11241
11246
11251
11256
11257
11258
11259
11261
11288
11290
11297
11298
11302
11304
11310
11314
11332
11334
11352
11365
11369
11373
11374
11380
11392
11410
11411
11420
11421
11424
11425
11427
11438
11458
11459
11466
11475
11479
11482
11486
11491
11500
11502
11505
11513
11527
11540
11554
11563
11573
11575
11596
11598
11600
11610
11613
11614
11625
11632
11647
11653
11657
11662
11674
11676
11687
11693
11704
11706
11713
11724
11737
11739
11742
11765
11770
11797
11814
11820
11821
11830
11846
11851
11859
11872
11876
11881
11889
11916
11931
11944
11948
11951
11955
11961
11965
11970
11986
12000
12027
12030
12038
12039
12043
12044
12069
12075
12085
12089
12092
12102
12133
12134
12136
12151
12169
12170
12175
12177
12179
12188
12189
12210
12214
12218
12219
12222
12223
12224
12238
12239
12249
12256
12266
12299
12306
12307
12325
12348
12362
12364
12374
12378
12386
12389
12393
12394
12405
12407
12421
12422
12435
12443
12447
12451
12453
12465
12470
12480
12484
12485
12490
12492
12493
12512
12516
12520
12550
12581
12583
12587
12590
12601
12610
12619
12620
12621
12622
12628
12635
12647
12665
12670
12675
12687
12705
12707
12714
12743
12750
12752
12753
12762
12767
12771
12775
12781
12787
12788
12794
12801
12818
12821
12831
12843
12850
12860
12869
12874
12885
12886
12894
12941
12944
12982
12995
13006
13008
13022
13030
13034
13045
13047
13065
13092
13096
13104
13130
13133
13135
13176
13178
13186
13188
13212
13218
13229
13245
13249
13254
13257
13268
13277
13278
13295
13317
13348
13364
13366
13377
13403
13410
13432
13442
13443
13444
13445
13492
13499
13507
13508
13509
13514
13525
13539
13568
13570
13585
13586
13615
13622
13624
13625
13627
13633
13638
13649
13652
13685
13700
13743
13745
13759
13795
13803
13805
13815
13826
13852
13854
13857
13873
13888
13891
13922
13952
13964
13978
13994
13996
14029
14046
14048
14067
14096
14098
14114
14141
14151
14152
14154
14157
14213
14214
14234
14239
14247
14249
14264
14265
14271
14278
14306
14328
14332
14357
14375
14387
14399
14421
14432
14446
14501
14537
14554
14569
14686
14793
14801
14804
14832
14842
14846
14854
14885
14887
14936
14952
14964
14970
14989
15014
15024
15028
15047
15063
15064
15065
15072
15105
15148
15156
15201
15254
15286
15306
15326
15347
15394
15442
15448
15450
15454
15457
15483
15485
15491
15502
15503
15509
15568
15575
15653
15667
15673
15681
15705
15720
15760
15796
15800
15811
15821
15825
15833
15835
15847
15857
15939
15945
15988
15995
16078
16079
16098
16118
16119
16130
16191
16221
16245
16257
16307
16369
16399
16471
16536
16623
16701
16703
16712
16731
16741
16746
16829
16850
16856
16864
16878
16935
16942
16994
17019
17093
17101
17120
17179
17198
17199
17210
17211
17331
17333
17367
17373
17386
17471
17555
17727
17739
17967
18072
18110
18122
18159
18183
18229
18265
18532
18556
18562
18607
18616
19030
19038
19084
19214
19247
19268
19428
19441
19450
19455
19489
19570
19573
19631
19633
19664
19691
19749
19773
19871
19946
19960
19962
19994
20051
20054
20102
20129
20131
20185
20234
20288
20289
20354
20408
20414
20418
20473
20515
20531
20643
20743
20745
20753
20774
20788
20821
20849
20886
20923
20962
21027
21031
21122
21146
21149
21155
21278
21403
21428
21578
21581
21589
21624
21668
21712
21863
22012
22024
22033
22080
22087
22128
22158
22190
22390
22393
22404
22462
22474
22564
22596
22627
22645
22692
22757
22758
23178
23220
23341
23411
23412
23628
23667
23715
23819
23882
23891
23892
23953
23960
24038
24043
24058
24184
24232
24350
24354
24374
24466
24517
24540
24619
24657
24666
24752
24880
24961
24987
25046
25180
25188
25205
25249
25283
25357
25461
25465
25474
25504
25535
25589
25634
25802
25844
25848
25852
25861
25876
25983
25985
26049
26079
26182
26232
26385
26413
26441
26452
26464
26512
26587
26591
26636
26644
26652
26672
26743
26824
26984
27001
27041
27113
27118
27135
27143
27144
27170
27254
27437
27490
27525
27598
27607
27615
27626
27715
27735
27792
27800
28000
28001
28152
28414
28450
28519
28579
28602
28678
28687
28756
28905
28940
28949
28961
29059
29086
29158
29188
29242
29310
29509
29594
29609
29639
29685
29854
29934
30161
30228
30465
30503
30827
30929
30957
31059
31264
31298
31327
31338
31381
31421
31609
31641
31769
31790
31825
31932
31987
32166
32263
32288
32413
32680
32832
32961
33007
33037
33116
33333
33335
33358
33424
33683
33788
33829
33851
33876
34023
34031
34162
34292
34468
34474
34569
34590
34649
34664
34830
34887
35153
35233
35345
35398
35469
35519
35630
35899
35988
36102
36172
36260
36263
36379
36541
36623
36631
36721
37025
37071
37098
37135
37163
37212
37310
37406
37683
37686
38064
38191
38416
38465
38731
38757
38781
38796
38848
39014
39071
39130
39248
39283
39558
39565
39640
39735
39774
39852
39887
40001
40157
40248
40361
40447
40549
40623
40683
40700
40701
40782
40792
40934
40959
41319
41346
41705
41951
41969
42002
42051
42102
42125
42178
42206
42226
42465
42780
42792
43730
44502
44650
44659
44826
44836
44952
44980
45757
45906
45915
46011
46228
46380
46578
47102
47285
47383
47402
47693
48408
48535
48565
48618
48924
48949
49210
49310
49624
49690
49928
50664
51024
51188
52770
53514
53821
54021
54278
55021
55370
55546
55579
55763
56057
56214
56587
57776
58581
62405
63287
63701
63718
66284
67107
67982
68005
69173
69409
71633
71953
73541
78641
79892
79943
82411
83661
90235
91201
92936
94838
96106
96166
97614
97980
98227
99955
101889
113166
127742
144505
149920
151406
152243
153028
161406
165031
169746
170107
173593
177685
178516
185977
186380
188933
188947
197252
199352
203146
209655
217430
217516
218845
220203
223170
224753
225466
225781
226016
228714
230783
233071
237936
238699
238896
240034
242405
244400
248583
256420
257825
258513
259442
261604
262979
267327
268258
274021
293452
295340
302599
309831
312712
322714
326964
351504
402239
411306
482128
506334
512006
512037
512048
512071
512245
512461
512614
512720
512751
512879
512938
513052
513056
513057
513079
513296
513643
513711
513783
513875
514021
514025
514197
514333
514485
514489
515029
515575
515785
515978
516170
516215
516667
516680
516821
516904
516930
516956
517654
517830
517881
518177
518309
518563
519206
519228
519268
519337
519400
519410
519460
519538
519570
519624
519715
519771
519773
519839
519872
519896
520118
520300
520485
520643
520898
521190
521197
521262
521298
521317
521377
521445
521624
521776
522345
522432
522961
522969
523039
523329
523378
523435
523679
523769
523771
523773
523998
524001
524141
524146
524190
524225
524412
524429
524470
524968
525126
525407
525454
525595
525812
525960
529488
529568
530343
531132
531434
531859
531898
532050
532787
535963
536048
539234
540462
544361
550221
552858
555293
555457
555472
555500
555726
555795
555850
555871
556286
556329
556450
556793
564864
564865
565022
574147
575082
575669
800099
800845
800868
801562
801976
802893
803433
810937
812511
813443
818789
909558
909612
923203
924571
924718
946718
142338522
10069
10087
10150
10165
10180
10199
10253
10434
10512
10545
10550
10576
10592
10671
10689
10692
10775
10797
10840
10841
10922
10997
11011
11014
11064
11431
11443
11508
11568
11604
11616
11796
11869
11976
11998
12143
12154
12198
12286
12457
12548
12673
12700
12868
12933
12976
12996
13041
13137
13166
13181
13337
13341
13378
13381
13399
13465
13471
13527
13538
13552
13578
13580
13656
13693
13714
13734
13758
13771
13780
13785
13792
13827
13833
13845
13878
13883
13901
13929
14010
14014
14016
14024
14026
14034
14063
14085
14113
14115
14119
14121
14193
14196
14246
14320
14364
14379
14469
14484
14498
14521
14527
14534
14561
14579
14628
14642
14656
14700
14758
14826
14863
14899
14950
14968
14973
14976
14994
15087
15100
15171
15188
15190
15192
15207
15291
15344
15354
15443
15492
15537
15550
15559
15639
15643
15645
15740
15749
15751
15758
15906
15981
16063
16086
16202
16297
16338
16384
16462
16466
16500
16505
16510
16535
16542
16544
16563
16593
16616
16672
16687
16697
16749
16868
16897
16918
16957
16966
16977
16983
17094
17097
17124
17158
17206
17253
17322
17335
17361
17378
17382
17416
17452
17456
17490
17492
17503
17510
17513
17522
17524
17549
17628
17637
17674
17684
17695
17757
17788
17832
17887
18050
18134
18153
18164
18232
18278
18281
18324
18325
18338
18373
18430
18445
18455
18568
18589
18627
18641
18696
18714
18811
18940
18957
19043
19063
19090
19124
19175
19217
19227
19280
19419
19433
19440
19457
19480
19581
19607
19612
19733
19753
19981
20010
20014
20022
20065
20106
20108
20170
20216
20398
20489
20525
20530
20539
20769
20831
20842
21020
21035
21128
21140
21182
21239
21296
21354
21360
21484
21512
21527
21549
21730
21743
21763
21770
21783
21803
21929
22047
22058
22090
22210
22247
22319
22356
22499
22518
22597
22728
22931
22961
23067
23168
23323
23382
23513
23566
23685
23755
23784
23826
24022
24115
24133
24246
24357
24412
24435
24451
24593
24888
24913
24966
24974
24997
25047
25076
25114
25153
25185
25230
25974
26012
26066
26088
26090
26146
26241
26269
26278
26284
26471
26564
26566
26661
26680
26916
27079
27346
27373
27475
27702
27714
27859
28084
28131
28165
28255
28288
28508
28522
28580
28584
28653
28663
28683
28901
28929
29304
29770
29923
29930
30016
30051
30088
30119
30212
30231
30379
30574
30660
30664
30705
30777
30789
30862
31103
31227
31334
31362
31387
31407
31567
31667
31712
31760
31896
32016
32193
32464
32556
32630
32645
32930
32949
33220
33400
33729
33799
33892
33905
34231
34332
34462
34719
35136
35371
35441
35505
35966
36371
36477
36691
36930
37066
37199
37217
37417
37530
37743
37779
37876
38005
38007
38850
38926
39026
39143
39376
39537
39580
39736
39864
39880
40114
40588
40732
40773
40877
41039
41101
41268
41337
41414
41598
41746
41824
42199
42345
42428
42467
42685
42696
43340
43436
43473
43940
44529
44665
44847
44887
44917
44992
45062
45139
45311
45366
46240
46376
46466
46515
46808
46961
47277
47409
47468
47521
47659
48633
48824
49136
49243
49246
50028
50570
50992
51057
51570
52112
52450
52665
53588
54230
54542
54604
56218
56233
56679
57245
57335
57732
58609
58725
58772
59703
60372
60511
61011
62005
63109
63939
64108
64257
65170
65465
66084
66264
66446
66518
66800
67239
70636
71162
71245
72215
72401
72959
73179
73753
73864
74105
74183
74561
74742
75140
75729
75833
76363
76367
76512
76611
77693
78114
78341
78620
79044
79158
79556
79634
80046
80212
80346
80419
80724
80727
81109
81230
82508
82880
82900
82912
84268
84378
84503
84623
84817
85165
85538
85686
86887
87645
88392
88408
88461
90051
90390
90534
90683
90711
90756
91413
91740
92001
92052
92774
92806
93001
93227
93833
94732
94941
95401
95403
95862
98013
98764
98875
99309
99551
100059
100234
103156
105726
105789
105831
106310
106355
108395
109486
110697
111348
112589
117692
117712
118257
118303
118792
119815
119884
120476
120984
124578
125557
125885
126597
127914
128832
130140
132618
134030
134828
135600
135694
137815
137839
139623
139941
143861
146502
149433
150489
151469
152604
152698
152914
153337
153427
154726
154893
157603
158217
158477
159121
162371
162384
162487
166158
166368
166563
168586
169650
169836
169850
170189
170523
170689
171997
172063
183736
183777
184173
185564
188811
195309
199331
199504
200336
202300
205202
205625
210037
215424
218722
218878
220627
221015
222154
223783
227102
227788
236642
237744
247786
268363
271536
275924
280938
284997
285158
296779
297676
304430
314801
321015
331721
342502
358750
366006
366232
431420
447301
511810
511823
511828
511926
512002
512059
512119
512260
512307
512468
512498
512510
512519
512555
512782
512929
512947
513114
513134
513235
513405
513698
513906
513933
513968
514384
514395
514441
514446
514660
514863
515061
515072
515249
515307
515447
515679
515767
515804
516239
516367
516431
516615
516662
516848
517005
517755
518123
518426
518543
518625
518733
519516
519626
519654
519660
519751
519981
519983
520116
520135
520143
520177
520195
520386
520709
520863
521274
521373
521550
521675
522300
522310
522355
522822
522975
523373
523515
523539
523602
523675
523712
523843
524156
524245
524298
524518
524761
524860
524898
525003
525441
526288
526576
526592
526948
526998
530435
530835
531584
531739
532643
533368
534063
535011
536207
537947
555501
555713
555725
555991
556570
556760
556847
557817
558778
558850
563656
572998
574186
574287
575398
800012
800658
800932
801153
801204
801206
801341
802126
802244
804351
804399
805362
805992
806770
808752
810175
810313
811494
813689
813798
815666
817019
903455
903466
905528
908951
912096
915422
922722
928701
932684
932790
935616
279432259
392026170
442999519
952799814
954432908
1050379364
1055278121
164190
800056
800061
800146
800158
800175
800184
800190
800230
800241
800248
800290
800316
800358
800381
800412
800474
800478
800479
800504
800541
800553
800573
800577
800578
800589
800606
800608
800621
800636
800637
800659
800664
800696
800718
800743
800762
800776
800847
800851
800875
800890
800899
800906
800911
800917
800928
800962
801020
801021
801057
801058
801079
801090
801137
801148
801158
801173
801185
801220
801234
801267
801292
801295
801304
801310
801319
801335
801350
801362
801375
801391
801394
801434
801469
801477
801491
801492
801548
801553
801637
801678
801685
801693
801715
801721
801736
801761
801768
801813
801815
801816
801824
801895
801899
801915
801918
801932
801933
801946
801949
801970
801998
802003
802028
802055
802072
802114
802116
802120
802130
802137
802151
802152
802164
802201
802215
802232
802240
802251
802252
802295
802315
802327
802361
802405
802407
802413
802500
802509
802521
802544
802552
802579
802587
802659
802690
802731
802781
802806
802835
802837
802864
802907
802923
802937
802954
802964
802980
803010
803013
803047
803048
803070
803072
803086
803100
803107
803129
803147
803215
803226
803237
803241
803310
803314
803342
803378
803412
803451
803480
803499
803523
803524
803558
803562
803582
803589
803599
803684
803690
803698
803704
803709
803717
803732
803765
803803
803804
803813
803829
803830
803891
803904
803912
803946
803982
803992
804023
804025
804078
804107
804119
804131
804173
804180
804195
804245
804257
804301
804326
804343
804371
804398
804405
804445
804465
804514
804625
804642
804741
804775
804847
804851
804860
804866
804919
804941
804966
804992
805010
805067
805107
805137
805165
805255
805309
805313
805326
805410
805477
805511
805568
805577
805598
805630
805634
805647
805690
805741
805745
805757
805776
805790
805797
805842
805879
805881
805974
805980
806008
806014
806037
806047
806061
806094
806124
806144
806161
806204
806253
806281
806302
806355
806403
806427
806489
806561
806599
806601
806620
806643
806671
806679
806689
806754
806779
806817
806837
806898
806902
806923
806943
807010
807075
807144
807160
807165
807176
807281
807312
807368
807395
807396
807401
807464
807569
807594
807638
807640
807649
807681
807694
807713
807784
807799
807813
807837
807838
807854
807870
807873
807899
807906
807924
807945
807972
807987
808011
808101
808134
808208
808250
808453
808464
808532
808572
808621
808640
808685
808720
808813
808820
808888
808926
809055
809085
809238
809304
809397
809401
809484
809492
809604
809670
809862
809912
809935
809985
810069
810086
810098
810241
810372
810460
810535
810541
810639
810720
811137
811395
811400
811554
811652
811952
811999
812111
812186
812193
812354
812385
812503
812531
812718
812752
812872
812899
812953
812988
813291
813480
813566
813603
813629
813633
813696
813755
814106
814163
814206
814430
814489
814942
814983
814989
815075
815097
815205
815209
815246
815281
815344
815498
815678
815682
815854
815958
816018
816022
816215
816222
816404
816501
816648
816810
817026
817133
817210
817283
817347
817374
817458
817509
817595
817640
817655
817681
817835
817927
817990
817999
818057
818077
818098
818295
818387
818389
818399
818428
818553
818563
818719
818842
818996
819112
819203
819278
819384
819492
819549
819674
819796
819869
820110
820130
820350
820574
820632
820668
820764
820803
820896
820983
821154
821291
821375
821449
821494
821635
821769
822013
822047
822092
822185
822252
822274
822742
822945
823132
823168
823281
823405
823665
823739
824041
824104
824223
824315
824689
824997
825485
825516
825681
825721
825991
826996
827188
827968
828238
828939
828978
829873
830039
830480
830514
830847
832490
833140
833211
834952
835074
837745
838321
840530
840740
840981
843389
852673
852881
853504
856359
857751
858248
860084
867630
867926
869369
876504
890541
895449
896719
902310
902492
902719
902962
903010
903090
903152
903153
903158
903159
903298
903363
903508
903579
903642
903643
903679
903689
903844
903852
904184
904657
904990
905145
905210
905235
905236
905421
905487
905559
905584
905586
905617
905661
905709
905792
905849
905928
906003
906111
906235
906520
906612
907256
907387
907422
907443
907848
908094
908158
908181
908285
908673
908762
909078
909255
909371
909521
909618
909713
909831
910095
910178
910296
910334
911134
911334
911338
911453
912694
913939
914655
914837
914852
919509
924142
924167
924189
924716
927808
927828
928579
928688
929376
932321
932322
932796
934019
934091
934519
935161
936696
939950
1050003192
1050005026
1050011487
1050013311
1050013851
1050014552
1050015101
1050031705
1050032839
1050038433
1050045395
1050046221
1050074465
1050080384
1050088257
1050091102
1050091581
1050098047
1050100010
1050102118
1050111955
1050115387
1050119039
1050123559
1050126678
1050139141
1050151215
1050156705
1050160514
1050160593
1050166426
1050174251
1050189039
1050194310
1050202259
1050202461
1050203465
1050211750
1050233038
1050239701
1050248133
1050251718
1050263576
1050268065
1050272154
1050274189
1050303231
1050306082
1050335829
1050340850
1050349786
1050380236
1050403926
1050460102
1050493413
1050607195
1050615112
1050660827
1050669248
1050673969
1050730563
1050815462
1050938258
1051054875
1051062549
1051236875
1051356801
1051367796
1051670893
1051680335
1052407897
1052521030
1057471940
1059707690
26484
16428
10086
10981
11284
13493
14105
14564
25364
64555
124747
134996
564770
10005
10013
10017
10018
10020
10031
10035
10039
10041
10044
10049
10057
10070
10074
10079
10080
10082
10084
10089
10094
10096
10097
10098
10099
10101
10103
10109
10110
10111
10113
10115
10116
10120
10122
10126
10127
10128
10133
10134
10136
10138
10139
10140
10145
10146
10147
10148
10153
10155
10159
10166
10167
10168
10169
10172
10173
10175
10176
10184
10185
10187
10191
10193
10194
10198
10201
10202
10203
10205
10207
10208
10209
10210
10212
10215
10217
10219
10224
10230
10233
10238
10239
10241
10243
10246
10252
10254
10257
10258
10262
10263
10268
10273
10277
10285
10287
10288
10290
10292
10297
10299
10305
10307
10310
10315
10319
10321
10323
10324
10325
10326
10328
10329
10332
10333
10339
10347
10348
10353
10356
10359
10364
10365
10368
10371
10373
10374
10375
10376
10378
10385
10386
10390
10393
10395
10397
10399
10402
10404
10406
10407
10408
10410
10412
10420
10421
10423
10429
10437
10448
10453
10454
10456
10457
10459
10461
10463
10467
10468
10470
10471
10472
10473
10474
10479
10483
10484
10486
10487
10489
10490
10494
10495
10497
10501
10502
10507
10508
10509
10510
10511
10514
10515
10517
10519
10521
10522
10523
10524
10525
10526
10529
10530
10540
10546
10553
10555
10557
10559
10561
10564
10565
10567
10568
10569
10570
10574
10583
10588
10593
10594
10597
10598
10599
10602
10603
10604
10606
10607
10609
10613
10614
10615
10617
10618
10622
10623
10625
10628
10629
10632
10634
10635
10636
10637
10638
10641
10644
10645
10646
10647
10648
10650
10657
10659
10661
10666
10667
10669
10670
10673
10678
10681
10683
10684
10688
10691
10695
10697
10698
10702
10704
10707
10708
10709
10719
10720
10725
10728
10731
10736
10742
10746
10749
10751
10753
10756
10767
10769
10774
10777
10778
10780
10781
10782
10788
10789
10791
10792
10794
10795
10798
10799
10804
10806
10808
10814
10816
10826
10828
10829
10830
10831
10832
10847
10849
10850
10855
10857
10858
10864
10866
10867
10868
10871
10872
10874
10875
10876
10877
10879
10881
10883
10886
10887
10889
10892
10897
10898
10900
10902
10904
10905
10906
10910
10912
10916
10917
10918
10919
10920
10925
10929
10935
10937
10941
10942
10943
10944
10946
10947
10948
10949
10956
10960
10962
10963
10964
10965
10969
10970
10972
10977
10980
10983
10986
10987
10988
10992
10993
10995
10996
10998
10999
11001
11005
11008
11012
11016
11017
11018
11021
11022
11023
11025
11030
11033
11042
11043
11044
11047
11050
11053
11056
11061
11071
11076
11080
11082
11087
11091
11092
11093
11101
11105
11108
11110
11112
11115
11118
11119
11122
11123
11125
11126
11128
11129
11135
11142
11143
11145
11152
11154
11156
11164
11166
11170
11171
11174
11175
11176
11178
11181
11183
11184
11186
11190
11191
11192
11194
11195
11199
11200
11205
11207
11208
11210
11211
11213
11216
11218
11220
11224
11226
11227
11228
11229
11231
11234
11235
11237
11240
11242
11244
11245
11249
11250
11252
11262
11263
11266
11268
11271
11272
11278
11279
11280
11282
11289
11292
11294
11295
11303
11305
11306
11308
11311
11313
11315
11317
11318
11321
11324
11325
11327
11331
11333
11336
11338
11340
11341
11342
11343
11345
11349
11351
11353
11355
11357
11359
11361
11362
11363
11366
11367
11370
11371
11376
11377
11378
11379
11381
11386
11387
11389
11390
11391
11397
11398
11399
11400
11401
11402
11405
11407
11408
11409
11413
11414
11415
11416
11419
11423
11426
11428
11432
11433
11437
11439
11440
11441
11444
11445
11447
11452
11455
11456
11457
11460
11462
11465
11467
11469
11470
11471
11472
11476
11477
11478
11484
11488
11489
11490
11492
11495
11496
11497
11501
11504
11506
11507
11511
11514
11515
11516
11517
11518
11520
11521
11523
11526
11528
11530
11531
11532
11538
11542
11543
11544
11546
11549
11552
11556
11558
11559
11560
11561
11567
11569
11571
11572
11574
11578
11580
11582
11583
11584
11587
11588
11589
11592
11594
11597
11599
11601
11603
11606
11608
11618
11620
11622
11624
11626
11630
11631
11634
11636
11637
11642
11643
11644
11645
11646
11648
11651
11652
11654
11656
11659
11661
11664
11666
11667
11672
11675
11677
11678
11679
11680
11681
11682
11688
11691
11695
11697
11701
11702
11703
11705
11708
11710
11711
11712
11714
11718
11719
11720
11722
11723
11727
11731
11732
11734
11736
11740
11741
11744
11745
11746
11750
11752
11754
11755
11760
11761
11762
11764
11768
11772
11774
11776
11779
11780
11782
11784
11785
11787
11788
11789
11790
11792
11795
11798
11801
11805
11810
11811
11813
11815
11818
11823
11825
11826
11827
11828
11829
11831
11832
11833
11834
11835
11837
11839
11840
11844
11848
11850
11854
11856
11860
11863
11866
11877
11883
11886
11888
11891
11892
11895
11896
11900
11902
11903
11905
11908
11910
11914
11915
11920
11921
11923
11924
11925
11927
11930
11932
11937
11938
11941
11942
11945
11950
11952
11954
11956
11957
11958
11959
11960
11962
11964
11968
11969
11972
11974
11975
11977
11978
11982
11988
11990
11991
11992
11993
11994
11997
12002
12003
12005
12006
12008
12015
12017
12018
12020
12022
12023
12025
12026
12031
12033
12034
12037
12040
12041
12046
12049
12051
12053
12055
12056
12057
12061
12062
12063
12068
12071
12072
12073
12074
12079
12081
12084
12086
12090
12091
12093
12101
12106
12107
12108
12109
12110
12111
12113
12115
12120
12123
12125
12128
12129
12131
12135
12137
12138
12144
12150
12152
12153
12155
12157
12158
12160
12161
12162
12163
12164
12167
12168
12171
12176
12178
12183
12184
12185
12186
12187
12192
12194
12203
12205
12206
12208
12209
12213
12215
12217
12220
12221
12228
12229
12230
12232
12233
12237
12242
12243
12247
12250
12251
12255
12257
12259
12261
12262
12268
12270
12271
12275
12276
12278
12282
12283
12284
12288
12289
12290
12292
12296
12297
12298
12301
12310
12312
12313
12318
12319
12320
12321
12322
12323
12324
12327
12334
12336
12341
12343
12344
12346
12347
12350
12351
12353
12354
12355
12359
12360
12363
12367
12368
12371
12373
12376
12380
12387
12390
12391
12395
12396
12399
12402
12406
12408
12410
12411
12417
12419
12420
12423
12426
12427
12429
12430
12431
12432
12433
12437
12444
12448
12452
12454
12459
12462
12476
12479
12488
12491
12497
12498
12499
12501
12503
12506
12508
12509
12510
12511
12514
12518
12519
12524
12525
12529
12530
12531
12533
12534
12542
12545
12547
12551
12552
12553
12557
12561
12562
12563
12564
12565
12566
12569
12570
12571
12572
12573
12575
12576
12577
12580
12582
12584
12585
12589
12593
12594
12595
12596
12599
12602
12605
12612
12614
12615
12616
12617
12618
12625
12627
12629
12644
12645
12649
12650
12654
12655
12656
12671
12674
12679
12681
12683
12685
12690
12692
12693
12696
12698
12702
12706
12715
12716
12720
12723
12724
12725
12726
12729
12731
12733
12734
12735
12745
12746
12747
12755
12757
12758
12759
12761
12765
12768
12769
12776
12782
12784
12789
12792
12795
12798
12800
12802
12806
12807
12809
12811
12812
12815
12816
12825
12829
12832
12837
12838
12840
12842
12844
12854
12856
12858
12870
12873
12876
12881
12887
12889
12891
12893
12896
12899
12900
12901
12902
12903
12904
12905
12907
12908
12910
12913
12915
12916
12918
12922
12923
12924
12930
12932
12934
12936
12937
12938
12943
12946
12947
12948
12951
12953
12954
12955
12961
12962
12963
12964
12965
12972
12975
12980
12983
12985
12988
12989
12990
12991
12999
13000
13001
13004
13007
13009
13010
13011
13012
13017
13018
13020
13021
13027
13033
13035
13036
13043
13044
13048
13050
13058
13059
13062
13066
13067
13068
13069
13073
13074
13078
13080
13084
13085
13089
13093
13094
13100
13108
13109
13114
13115
13116
13117
13118
13119
13122
13123
13124
13125
13129
13136
13138
13141
13145
13147
13148
13149
13150
13151
13153
13156
13157
13158
13161
13162
13165
13167
13168
13171
13179
13182
13183
13184
13192
13200
13201
13208
13209
13215
13219
13221
13228
13233
13235
13237
13238
13240
13242
13244
13256
13263
13264
13269
13271
13272
13273
13274
13279
13281
13283
13286
13287
13288
13289
13291
13297
13300
13302
13303
13305
13306
13313
13314
13319
13322
13327
13329
13330
13334
13336
13342
13345
13349
13354
13355
13356
13358
13363
13367
13374
13375
13379
13382
13384
13385
13386
13388
13389
13390
13393
13394
13397
13398
13400
13404
13405
13414
13418
13419
13426
13431
13433
13434
13441
13448
13449
13450
13454
13456
13457
13460
13463
13464
13466
13467
13472
13475
13479
13488
13490
13495
13498
13500
13501
13502
13504
13515
13519
13521
13523
13526
13528
13529
13533
13542
13544
13554
13556
13558
13559
13560
13561
13563
13573
13575
13576
13584
13587
13595
13598
13600
13601
13607
13608
13613
13616
13618
13626
13630
13637
13640
13642
13644
13648
13650
13654
13664
13667
13669
13686
13690
13692
13694
13695
13710
13715
13728
13742
13750
13751
13757
13761
13762
13767
13768
13770
13772
13774
13778
13782
13786
13787
13790
13794
13799
13804
13807
13810
13814
13816
13818
13822
13823
13824
13825
13829
13831
13835
13837
13843
13844
13851
13859
13860
13861
13864
13865
13868
13870
13876
13877
13880
13886
13894
13895
13896
13899
13904
13913
13919
13920
13924
13925
13927
13934
13936
13937
13947
13951
13959
13960
13962
13963
13969
13973
13983
13987
13989
13991
13995
13998
14000
14003
14004
14005
14008
14011
14017
14019
14022
14032
14039
14040
14041
14043
14049
14051
14052
14058
14060
14061
14065
14066
14071
14072
14075
14076
14086
14091
14093
14094
14100
14101
14103
14106
14110
14111
14112
14117
14123
14127
14130
14133
14134
14135
14137
14138
14139
14143
14149
14155
14156
14158
14160
14162
14168
14169
14171
14174
14178
14182
14183
14186
14188
14191
14192
14200
14203
14204
14205
14208
14210
14212
14215
14217
14221
14222
14224
14226
14229
14232
14235
14241
14243
14250
14252
14256
14257
14259
14261
14268
14269
14272
14274
14276
14277
14279
14285
14290
14291
14296
14301
14309
14316
14321
14323
14336
14338
14343
14344
14350
14353
14356
14365
14369
14372
14373
14381
14382
14384
14385
14391
14394
14395
14397
14400
14403
14406
14408
14411
14412
14415
14419
14424
14425
14429
14430
14437
14438
14441
14444
14455
14458
14461
14463
14466
14470
14472
14477
14483
14491
14492
14493
14497
14500
14505
14511
14513
14518
14529
14530
14533
14540
14541
14543
14549
14551
14566
14572
14573
14575
14577
14580
14593
14594
14597
14604
14606
14608
14609
14611
14612
14619
14620
14626
14636
14637
14639
14643
14644
14651
14654
14659
14662
14664
14670
14674
14677
14681
14683
14688
14693
14698
14701
14712
14718
14719
14721
14724
14725
14728
14732
14733
14734
14737
14741
14746
14750
14752
14753
14755
14761
14764
14766
14772
14779
14782
14784
14785
14786
14789
14795
14803
14813
14821
14825
14827
14828
14830
14831
14840
14841
14853
14856
14858
14859
14862
14865
14869
14875
14876
14880
14891
14896
14901
14906
14910
14911
14912
14916
14918
14922
14925
14935
14938
14939
14942
14946
14949
14951
14953
14956
14957
14958
14966
14981
14982
14983
14986
14987
14988
14992
14993
14995
14996
14998
15001
15002
15012
15031
15032
15035
15037
15039
15040
15046
15048
15051
15052
15054
15061
15068
15078
15079
15084
15090
15106
15117
15118
15122
15129
15132
15133
15138
15139
15142
15145
15146
15149
15153
15158
15163
15173
15178
15185
15189
15193
15199
15202
15204
15206
15209
15212
15221
15225
15228
15236
15237
15238
15242
15244
15245
15246
15249
15250
15258
15259
15261
15269
15273
15275
15279
15287
15288
15289
15295
15296
15300
15302
15316
15318
15320
15323
15325
15331
15332
15335
15336
15341
15351
15352
15353
15357
15362
15376
15379
15384
15386
15393
15397
15406
15414
15417
15420
15421
15424
15426
15429
15433
15463
15469
15470
15472
15475
15482
15490
15500
15501
15517
15518
15522
15535
15536
15543
15545
15556
15557
15561
15567
15577
15578
15587
15592
15597
15601
15604
15612
15614
15619
15622
15624
15633
15635
15646
15657
15660
15665
15669
15674
15676
15678
15679
15689
15691
15693
15696
15697
15699
15707
15708
15712
15714
15721
15723
15730
15731
15733
15734
15739
15742
15746
15753
15754
15756
15762
15763
15765
15766
15775
15783
15786
15787
15789
15791
15795
15802
15809
15810
15815
15820
15823
15824
15831
15836
15845
15846
15852
15861
15865
15869
15871
15881
15883
15887
15888
15896
15897
15898
15900
15903
15907
15915
15922
15924
15926
15927
15928
15942
15944
15947
15952
15957
15959
15961
15962
15964
15965
15980
15982
15985
15994
15996
15997
16000
16003
16018
16022
16025
16029
16031
16032
16037
16039
16042
16048
16049
16054
16057
16065
16071
16072
16083
16085
16088
16093
16096
16097
16099
16102
16104
16105
16111
16124
16126
16127
16131
16135
16136
16142
16151
16152
16159
16162
16168
16169
16178
16181
16193
16199
16214
16216
16219
16228
16231
16232
16235
16236
16246
16251
16261
16263
16267
16272
16274
16281
16285
16288
16289
16292
16294
16300
16309
16312
16314
16327
16328
16329
16331
16334
16346
16351
16356
16358
16359
16363
16364
16370
16374
16380
16382
16385
16392
16393
16397
16404
16422
16424
16430
16432
16433
16434
16436
16439
16441
16445
16446
16451
16452
16454
16459
16460
16472
16473
16475
16477
16482
16485
16489
16490
16494
16502
16504
16507
16508
16516
16518
16519
16520
16527
16531
16537
16543
16548
16550
16557
16558
16565
16568
16571
16578
16579
16584
16588
16592
16595
16612
16615
16620
16624
16625
16629
16630
16632
16636
16637
16642
16644
16647
16649
16659
16667
16671
16673
16682
16696
16706
16707
16708
16710
16723
16724
16725
16734
16736
16752
16754
16763
16766
16767
16769
16783
16785
16789
16794
16795
16804
16811
16815
16816
16834
16836
16843
16849
16854
16855
16857
16867
16870
16873
16886
16889
16899
16901
16902
16903
16907
16910
16912
16921
16922
16930
16931
16937
16938
16941
16944
16945
16951
16953
16962
16969
16989
16995
16998
17001
17006
17008
17014
17022
17033
17038
17043
17044
17046
17058
17063
17065
17066
17067
17068
17069
17071
17072
17076
17082
17089
17099
17102
17112
17113
17114
17121
17131
17140
17144
17150
17152
17153
17156
17157
17159
17170
17173
17174
17177
17183
17189
17191
17193
17194
17203
17212
17213
17215
17219
17232
17233
17237
17238
17246
17247
17254
17257
17258
17262
17263
17268
17272
17275
17284
17288
17291
17304
17319
17325
17346
17350
17352
17353
17357
17366
17369
17370
17375
17380
17384
17387
17388
17392
17395
17396
17400
17404
17412
17417
17426
17428
17430
17436
17442
17449
17451
17453
17455
17459
17461
17468
17470
17472
17484
17486
17491
17500
17502
17509
17518
17530
17531
17536
17539
17540
17542
17556
17557
17558
17559
17560
17564
17569
17573
17575
17577
17584
17590
17604
17612
17613
17614
17616
17619
17620
17625
17626
17635
17642
17652
17655
17665
17666
17685
17689
17696
17698
17702
17706
17711
17712
17715
17717
17722
17723
17728
17736
17738
17743
17764
17767
17768
17787
17800
17802
17808
17811
17812
17815
17822
17823
17830
17835
17837
17850
17855
17867
17868
17872
17874
17878
17882
17888
17889
17900
17901
17902
17908
17909
17912
17921
17930
17931
17934
17935
17937
17938
17940
17946
17953
17958
17965
17968
17972
17980
17992
17994
17998
18016
18026
18028
18038
18039
18043
18046
18049
18055
18069
18070
18073
18074
18075
18082
18090
18104
18105
18112
18113
18133
18135
18137
18138
18139
18141
18146
18148
18149
18152
18165
18167
18170
18173
18179
18187
18190
18193
18203
18206
18211
18214
18235
18238
18241
18242
18254
18255
18275
18277
18286
18287
18288
18292
18294
18301
18303
18328
18331
18332
18333
18334
18335
18339
18340
18342
18346
18354
18361
18374
18378
18382
18388
18403
18411
18424
18463
18481
18491
18499
18508
18512
18522
18540
18548
18563
18583
18585
18590
18591
18593
18596
18604
18606
18612
18617
18628
18634
18637
18638
18645
18648
18657
18660
18662
18666
18702
18705
18713
18716
18720
18728
18729
18730
18741
18745
18749
18752
18754
18755
18757
18764
18777
18787
18796
18798
18800
18810
18814
18817
18820
18821
18825
18826
18828
18830
18831
18838
18848
18849
18850
18853
18859
18864
18867
18871
18876
18878
18880
18882
18884
18889
18890
18897
18899
18906
18907
18912
18925
18928
18939
18941
18949
18955
18960
18974
18977
18988
19002
19007
19008
19013
19014
19015
19016
19018
19025
19026
19032
19041
19044
19048
19052
19055
19061
19064
19066
19067
19069
19073
19079
19082
19085
19088
19089
19091
19095
19104
19108
19112
19118
19127
19135
19136
19142
19143
19151
19152
19157
19174
19187
19192
19198
19209
19215
19222
19223
19235
19244
19254
19255
19256
19257
19258
19267
19283
19290
19302
19305
19306
19307
19316
19318
19322
19327
19331
19337
19338
19341
19342
19344
19349
19356
19380
19386
19387
19389
19390
19402
19405
19414
19417
19426
19434
19439
19454
19458
19460
19463
19468
19473
19478
19488
19496
19498
19501
19504
19508
19520
19521
19532
19536
19544
19552
19554
19558
19563
19565
19566
19571
19585
19586
19590
19592
19615
19616
19620
19622
19624
19632
19637
19638
19640
19643
19668
19681
19686
19695
19698
19705
19708
19710
19711
19717
19720
19721
19724
19740
19742
19746
19748
19760
19767
19776
19803
19810
19813
19817
19822
19828
19835
19845
19846
19856
19857
19862
19863
19864
19873
19881
19882
19883
19888
19899
19904
19905
19906
19921
19924
19931
19938
19951
19955
19956
19958
19959
19961
19968
19983
19984
19986
19987
19995
19999
20001
20020
20021
20037
20043
20049
20052
20059
20060
20061
20064
20076
20077
20080
20081
20084
20096
20100
20104
20113
20138
20142
20143
20148
20163
20165
20178
20187
20197
20199
20201
20203
20205
20207
20226
20229
20237
20247
20253
20275
20280
20281
20287
20290
20326
20331
20332
20335
20337
20338
20347
20349
20362
20364
20373
20381
20383
20384
20386
20387
20392
20402
20403
20415
20421
20426
20435
20449
20451
20462
20469
20478
20479
20487
20497
20500
20504
20506
20507
20509
20512
20521
20549
20550
20551
20560
20567
20573
20581
20594
20602
20603
20610
20617
20619
20621
20631
20652
20667
20670
20678
20683
20685
20688
20697
20698
20702
20706
20707
20715
20721
20725
20729
20740
20744
20747
20748
20750
20751
20755
20770
20777
20784
20804
20811
20815
20827
20828
20832
20834
20839
20867
20881
20885
20888
20902
20905
20912
20922
20943
20958
20960
20986
20989
20990
20994
21025
21026
21053
21058
21060
21063
21067
21070
21088
21089
21093
21099
21106
21125
21142
21166
21168
21177
21183
21191
21200
21204
21217
21229
21231
21241
21242
21247
21251
21258
21264
21270
21271
21275
21279
21283
21288
21290
21297
21324
21333
21338
21340
21342
21351
21353
21362
21365
21366
21397
21398
21400
21409
21411
21413
21414
21464
21468
21470
21476
21478
21496
21499
21506
21508
21523
21525
21531
21532
21545
21548
21556
21563
21564
21567
21568
21573
21583
21591
21609
21621
21636
21641
21655
21657
21663
21665
21678
21697
21709
21713
21719
21726
21733
21740
21741
21747
21751
21771
21792
21796
21801
21809
21817
21822
21826
21828
21836
21848
21849
21851
21859
21860
21891
21904
21907
21910
21923
21938
21939
21946
21973
21989
21991
22006
22026
22032
22039
22046
22050
22066
22072
22088
22111
22113
22122
22126
22137
22146
22164
22166
22167
22169
22172
22173
22187
22191
22205
22206
22207
22212
22214
22217
22226
22263
22266
22270
22276
22292
22293
22309
22321
22336
22338
22340
22346
22360
22361
22373
22388
22395
22403
22405
22406
22408
22418
22429
22434
22442
22452
22463
22482
22489
22496
22513
22519
22521
22530
22535
22549
22551
22554
22567
22570
22573
22584
22591
22593
22606
22607
22620
22621
22623
22639
22671
22695
22698
22725
22726
22733
22755
22765
22766
22767
22768
22769
22776
22781
22791
22793
22794
22798
22799
22808
22814
22825
22832
22837
22839
22850
22855
22870
22892
22932
22941
22953
22963
22977
22983
23003
23004
23008
23028
23039
23049
23061
23065
23077
23107
23112
23138
23141
23143
23152
23161
23165
23174
23189
23198
23199
23204
23223
23230
23232
23240
23244
23256
23259
23260
23261
23270
23281
23293
23307
23308
23320
23325
23357
23401
23403
23416
23432
23439
23446
23477
23479
23483
23496
23504
23509
23527
23528
23531
23560
23574
23587
23594
23596
23602
23608
23627
23634
23637
23646
23648
23662
23666
23682
23694
23695
23696
23710
23721
23732
23752
23771
23775
23787
23790
23799
23809
23829
23831
23835
23836
23839
23842
23850
23851
23854
23863
23870
23883
23896
23898
23899
23927
23964
23969
23985
23993
24004
24010
24031
24051
24069
24075
24079
24134
24136
24142
24146
24150
24157
24163
24165
24198
24207
24214
24254
24271
24298
24301
24306
24312
24317
24324
24344
24347
24356
24372
24373
24378
24379
24397
24399
24410
24436
24441
24468
24470
24496
24502
24509
24518
24538
24548
24561
24572
24589
24594
24596
24597
24610
24613
24621
24626
24637
24639
24641
24642
24679
24686
24687
24688
24690
24692
24701
24703
24708
24713
24737
24738
24741
24750
24770
24779
24795
24816
24825
24828
24834
24850
24857
24861
24862
24865
24866
24875
24883
24938
24941
24944
24960
24969
24995
25001
25004
25021
25023
25049
25051
25054
25058
25089
25093
25099
25106
25126
25129
25132
25161
25204
25206
25231
25242
25255
25284
25288
25312
25314
25318
25322
25324
25326
25328
25348
25349
25353
25359
25362
25376
25377
25381
25384
25390
25419
25438
25440
25447
25448
25456
25471
25483
25487
25498
25509
25521
25529
25534
25537
25547
25555
25561
25563
25577
25593
25608
25628
25635
25649
25650
25659
25674
25678
25690
25710
25713
25722
25724
25730
25769
25775
25786
25790
25791
25796
25803
25821
25826
25830
25833
25836
25839
25841
25868
25872
25880
25945
25951
25962
25972
25977
25992
25997
26014
26018
26020
26039
26056
26060
26069
26095
26109
26118
26120
26122
26126
26129
26134
26135
26136
26165
26183
26193
26194
26199
26200
26210
26222
26238
26248
26249
26257
26263
26283
26292
26302
26307
26308
26311
26316
26322
26329
26332
26338
26340
26344
26350
26394
26402
26408
26419
26423
26430
26432
26451
26461
26472
26485
26520
26526
26527
26534
26543
26551
26576
26577
26579
26595
26601
26618
26621
26635
26641
26642
26650
26665
26720
26741
26744
26764
26766
26820
26841
26862
26869
26872
26903
26921
26923
26972
26987
26988
26993
27010
27020
27025
27029
27034
27049
27054
27055
27057
27059
27073
27083
27086
27091
27115
27119
27125
27132
27146
27161
27166
27181
27186
27206
27213
27225
27233
27250
27278
27280
27284
27302
27303
27311
27315
27328
27331
27371
27372
27380
27383
27402
27413
27430
27446
27452
27453
27486
27493
27496
27503
27507
27516
27543
27545
27562
27569
27582
27585
27594
27596
27597
27599
27605
27619
27620
27632
27635
27638
27639
27648
27658
27694
27712
27725
27730
27736
27760
27761
27774
27790
27813
27821
27839
27869
27878
27907
27917
27924
27926
27931
27945
27950
27961
27975
27977
27982
27995
28013
28019
28027
28034
28037
28038
28043
28107
28109
28114
28136
28139
28146
28159
28160
28169
28171
28179
28181
28186
28209
28222
28227
28229
28234
28236
28237
28248
28251
28262
28266
28284
28287
28290
28293
28302
28305
28316
28327
28332
28343
28352
28361
28365
28381
28394
28397
28402
28412
28425
28463
28468
28482
28487
28489
28499
28514
28528
28568
28596
28598
28612
28613
28619
28620
28640
28641
28644
28674
28675
28685
28707
28708
28740
28758
28770
28775
28801
28812
28817
28822
28829
28855
28899
28900
28907
28909
28924
28943
28948
28950
28976
28986
28991
28995
28999
29005
29021
29033
29037
29081
29090
29095
29109
29111
29116
29120
29124
29143
29144
29152
29166
29173
29200
29205
29210
29226
29231
29232
29241
29250
29272
29325
29333
29350
29366
29367
29369
29388
29424
29450
29493
29494
29502
29523
29526
29531
29537
29543
29547
29551
29558
29560
29568
29584
29601
29602
29614
29622
29624
29634
29635
29652
29711
29721
29745
29746
29747
29750
29773
29785
29794
29818
29824
29826
29831
29848
29859
29860
29887
29921
29932
29945
29968
29975
29984
29988
30021
30032
30042
30070
30096
30102
30105
30108
30109
30116
30120
30131
30140
30153
30155
30186
30194
30218
30225
30243
30271
30282
30288
30297
30314
30318
30341
30364
30366
30371
30373
30375
30391
30395
30398
30466
30489
30498
30504
30508
30511
30520
30525
30532
30537
30541
30556
30557
30579
30586
30611
30613
30631
30641
30674
30677
30698
30703
30706
30746
30776
30792
30808
30852
30855
30864
30883
30894
30900
30939
30961
30977
30985
31021
31023
31035
31042
31044
31045
31058
31061
31093
31096
31104
31124
31167
31171
31196
31209
31239
31272
31285
31295
31296
31305
31324
31330
31343
31350
31353
31365
31403
31408
31412
31413
31419
31426
31438
31440
31446
31451
31478
31502
31504
31509
31552
31576
31585
31596
31608
31626
31650
31669
31674
31690
31731
31733
31775
31777
31784
31787
31822
31852
31873
31875
31892
31905
31918
31919
31921
31956
31958
31970
31980
32032
32060
32067
32069
32071
32081
32099
32102
32115
32151
32165
32174
32181
32182
32196
32206
32211
32217
32230
32268
32276
32300
32321
32335
32337
32354
32405
32431
32437
32439
32461
32475
32487
32494
32505
32510
32521
32543
32545
32554
32562
32565
32603
32615
32621
32648
32655
32663
32667
32679
32698
32714
32715
32721
32736
32758
32785
32792
32795
32810
32818
32824
32835
32854
32873
32880
32885
32894
32896
32911
32939
32988
33020
33024
33047
33053
33054
33056
33060
33093
33122
33125
33147
33156
33191
33196
33224
33234
33248
33257
33278
33289
33301
33368
33380
33384
33391
33393
33398
33402
33409
33411
33438
33451
33453
33468
33474
33489
33523
33546
33557
33560
33567
33603
33617
33621
33624
33633
33657
33684
33698
33726
33753
33775
33822
33824
33828
33832
33833
33839
33858
33878
33887
33908
33921
33939
33983
33984
33990
34005
34010
34018
34040
34072
34084
34091
34100
34131
34136
34155
34172
34178
34180
34187
34195
34205
34225
34245
34249
34250
34265
34335
34346
34348
34350
34367
34374
34402
34414
34434
34452
34495
34526
34533
34544
34552
34554
34573
34575
34591
34592
34612
34625
34674
34700
34703
34710
34717
34724
34725
34751
34763
34815
34869
34871
34880
34896
34907
34909
34911
34953
34982
34992
35013
35030
35031
35033
35062
35078
35103
35104
35174
35185
35195
35196
35198
35202
35203
35205
35213
35228
35239
35267
35277
35291
35297
35298
35334
35362
35364
35377
35425
35433
35450
35453
35479
35502
35528
35533
35535
35554
35560
35582
35585
35608
35613
35614
35624
35644
35666
35698
35748
35750
35763
35790
35798
35808
35826
35854
35887
35927
35930
35939
35942
36012
36029
36047
36059
36063
36064
36085
36090
36093
36117
36136
36142
36146
36162
36173
36207
36216
36225
36226
36257
36288
36295
36316
36319
36332
36358
36409
36418
36448
36453
36479
36499
36537
36548
36556
36563
36592
36594
36607
36609
36613
36617
36630
36645
36704
36717
36772
36775
36785
36796
36825
36850
36878
36902
36904
36909
36918
36923
36942
36944
36947
36949
36951
36967
36979
37003
37007
37010
37018
37020
37022
37027
37029
37032
37039
37040
37041
37070
37075
37082
37102
37110
37121
37139
37148
37171
37190
37195
37198
37202
37215
37222
37250
37264
37282
37289
37313
37342
37344
37345
37357
37436
37440
37442
37474
37489
37497
37540
37547
37553
37554
37563
37588
37590
37596
37609
37623
37640
37663
37668
37690
37701
37704
37708
37714
37740
37781
37787
37792
37808
37817
37823
37824
37842
37856
37865
37872
37902
37907
37932
37938
37946
37961
37974
37985
38006
38022
38037
38046
38061
38075
38084
38120
38124
38141
38151
38162
38166
38185
38216
38228
38233
38260
38262
38268
38271
38288
38295
38315
38333
38342
38372
38388
38395
38411
38423
38425
38439
38476
38480
38516
38526
38565
38571
38577
38578
38589
38609
38627
38670
38672
38675
38706
38764
38788
38829
38839
38844
38847
38853
38858
38859
38870
38873
38911
38915
39001
39005
39009
39033
39055
39060
39064
39083
39085
39100
39123
39124
39172
39193
39198
39201
39208
39217
39253
39262
39294
39304
39336
39386
39397
39412
39423
39428
39442
39443
39446
39461
39465
39485
39491
39496
39510
39511
39514
39538
39557
39566
39570
39589
39600
39610
39622
39657
39671
39674
39679
39717
39719
39737
39767
39772
39786
39796
39798
39805
39806
39815
39817
39828
39847
39875
39877
39883
39890
39912
39948
39974
39989
40028
40099
40102
40141
40142
40187
40216
40221
40222
40228
40229
40289
40300
40309
40318
40362
40371
40374
40383
40385
40389
40395
40440
40458
40459
40463
40465
40478
40490
40509
40586
40608
40644
40681
40698
40699
40702
40741
40755
40768
40821
40856
40886
40894
40946
40955
40966
40980
41011
41024
41035
41054
41057
41058
41065
41125
41135
41149
41194
41197
41213
41218
41227
41259
41293
41302
41331
41353
41364
41401
41402
41404
41407
41408
41428
41457
41489
41510
41518
41526
41527
41551
41612
41615
41616
41622
41645
41665
41692
41757
41759
41784
41815
41938
41961
42071
42074
42083
42099
42101
42114
42132
42194
42215
42222
42250
42261
42283
42287
42289
42310
42311
42335
42365
42374
42483
42488
42500
42601
42625
42626
42632
42668
42698
42701
42760
42896
42930
43039
43134
43208
43217
43245
43330
43357
43368
43376
43422
43445
43476
43489
43494
43497
43500
43509
43539
43546
43584
43586
43695
43701
43753
43760
43765
43792
43795
43804
43828
43894
43951
43959
43971
43973
44002
44038
44041
44070
44075
44076
44085
44110
44124
44197
44199
44250
44272
44288
44362
44388
44397
44440
44466
44472
44634
44635
44648
44675
44732
44739
44745
44771
44777
44802
44823
44842
44850
44865
44893
44899
44923
44928
44931
44953
44976
44993
45028
45031
45049
45076
45127
45134
45149
45155
45170
45231
45234
45235
45245
45255
45324
45325
45438
45471
45522
45561
45568
45627
45630
45633
45643
45658
45661
45681
45711
45716
45781
45796
45798
45854
45872
45875
45885
45891
45909
45927
45939
45945
45951
45957
45992
46000
46010
46054
46065
46084
46101
46143
46153
46165
46172
46183
46234
46259
46303
46337
46356
46374
46378
46383
46388
46429
46503
46505
46530
46543
46547
46565
46570
46636
46638
46674
46691
46724
46746
46753
46782
46809
46886
46888
46929
46949
46954
46973
47002
47033
47036
47043
47052
47104
47107
47123
47126
47162
47174
47178
47179
47202
47269
47288
47405
47421
47425
47428
47433
47444
47470
47476
47491
47621
47636
47689
47707
47720
47724
47726
47750
47753
47754
47763
47802
47811
47819
47839
47855
47873
47892
47922
47969
47985
47994
48035
48117
48120
48125
48126
48169
48220
48243
48270
48279
48280
48285
48312
48344
48421
48481
48487
48493
48527
48561
48577
48579
48614
48629
48640
48649
48657
48709
48745
48752
48763
48821
48849
48878
48890
48914
48973
48977
49013
49015
49028
49038
49049
49092
49102
49151
49157
49185
49186
49204
49205
49219
49255
49264
49303
49309
49417
49447
49584
49589
49600
49608
49616
49679
49680
49693
49744
49819
49825
49856
49896
49910
49916
49925
50025
50045
50069
50092
50099
50215
50226
50268
50343
50360
50388
50389
50397
50444
50451
50464
50482
50515
50526
50539
50620
50622
50628
50687
50731
50745
50780
50818
50835
50843
50850
50858
50866
50937
50939
50967
50969
50981
50996
51116
51138
51163
51168
51235
51250
51302
51314
51335
51379
51385
51437
51470
51506
51525
51539
51603
51622
51658
51660
51690
51719
51781
51799
51887
51901
51933
51938
52003
52029
52047
52077
52105
52185
52236
52245
52286
52352
52415
52427
52439
52443
52454
52478
52528
52535
52536
52556
52637
52641
52655
52724
52728
52768
52780
52798
52811
52823
52862
52875
52884
52889
52898
52931
52960
52997
53083
53120
53128
53138
53190
53253
53299
53300
53320
53368
53467
53540
53553
53603
53620
53626
53687
53698
53772
53776
53788
53791
53810
53874
53879
53961
53967
54010
54052
54057
54074
54164
54207
54261
54288
54370
54381
54383
54440
54506
54533
54536
54556
54564
54578
54706
54716
54759
54815
54845
54846
54911
55013
55016
55029
55056
55061
55124
55161
55164
55257
55277
55295
55306
55341
55396
55431
55438
55504
55508
55543
55544
55567
55646
55686
55707
55740
55785
55789
55817
55896
55959
56013
56036
56072
56077
56083
56129
56153
56193
56196
56201
56207
56232
56255
56305
56308
56322
56327
56347
56362
56449
56470
56473
56531
56533
56724
56739
56778
56828
56889
57037
57048
57068
57074
57081
57180
57240
57295
57331
57346
57353
57390
57414
57440
57454
57527
57528
57542
57554
57564
57590
57608
57675
57772
57798
57803
57832
57835
57861
57866
57888
57936
57965
57975
57982
57992
57993
58016
58021
58040
58053
58078
58091
58134
58146
58163
58185
58230
58250
58254
58262
58264
58276
58277
58284
58343
58345
58405
58445
58456
58481
58520
58550
58573
58649
58661
58698
58729
58738
58830
58878
58920
58951
58960
59015
59170
59244
59245
59369
59401
59425
59431
59489
59507
59644
59853
59857
59877
59884
59887
59968
59969
59985
60092
60103
60122
60131
60175
60241
60254
60259
60273
60362
60363
60365
60374
60417
60421
60624
60674
60689
60759
60764
60845
60946
60980
61079
61177
61254
61285
61360
61374
61388
61392
61430
61433
61466
61497
61540
61686
61710
61732
61765
61790
61817
61829
61861
61908
61921
62013
62131
62137
62166
62185
62192
62207
62208
62279
62286
62367
62449
62470
62521
62555
62570
62574
62590
62607
62737
62751
62784
62790
62794
62880
62916
62987
62993
63004
63027
63053
63068
63089
63107
63124
63214
63335
63336
63411
63414
63485
63500
63538
63605
63681
63731
63782
63798
63799
63817
63856
63874
63880
63904
63954
63964
63998
64140
64215
64228
64231
64301
64328
64383
64387
64414
64429
64479
64568
64569
64574
64610
64682
64702
64793
64795
64835
64850
64910
64956
65021
65023
65047
65054
65081
65083
65179
65187
65272
65345
65358
65396
65448
65467
65486
65490
65649
65662
65691
65695
65753
65769
65792
65825
65840
65931
65991
66017
66067
66087
66100
66127
66142
66312
66371
66383
66389
66394
66554
66600
66603
66661
66695
66755
66802
66877
66912
66913
66915
66921
66922
66949
66950
66969
66976
67027
67052
67088
67173
67210
67373
67384
67396
67461
67463
67548
67556
67573
67606
67717
67747
67889
68127
68163
68170
68177
68196
68199
68221
68225
68332
68335
68354
68438
68486
68489
68594
68624
68627
68688
68701
68841
68853
69031
69047
69213
69286
69288
69343
69382
69499
69503
69537
69595
69631
69639
69684
69730
69808
69900
69904
69929
69942
69947
69966
70088
70101
70131
70139
70148
70207
70236
70248
70308
70470
70486
70573
70574
70595
70610
70699
70779
70788
70815
70854
71048
71083
71099
71154
71157
71197
71210
71280
71335
71356
71371
71385
71389
71397
71426
71444
71503
71534
71547
71635
71798
71967
71977
72076
72115
72133
72151
72161
72195
72222
72267
72274
72284
72303
72379
72430
72467
72475
72487
72502
72521
72540
72667
72669
72881
72892
72927
73015
73095
73110
73183
73188
73217
73305
73355
73405
73430
73463
73489
73492
73641
73659
73712
73758
73796
73880
73927
73946
73987
74052
74075
74095
74157
74206
74224
74329
74363
74366
74590
74669
74716
74785
74794
74856
74857
74986
74990
75029
75129
75143
75244
75270
75307
75409
75469
75582
75630
75805
75864
75905
75984
76161
76198
76217
76486
76505
76548
76574
76585
76637
76746
76777
76819
76887
76890
76910
76995
77025
77122
77213
77338
77377
77482
77567
77603
77645
77710
77805
77806
77841
77911
77967
78011
78134
78227
78276
78294
78381
78389
78393
78535
78539
78571
78577
78583
78670
78692
78782
78971
78998
79155
79324
79347
79367
79404
79455
79631
79669
79682
79695
79740
79745
79784
79819
79907
79910
80085
80306
80320
80427
80544
80549
80616
80700
80730
80751
80808
80886
80919
80943
81042
81151
81159
81352
81417
81419
81431
81499
81664
81709
81718
81758
81772
81799
81839
81922
82020
82023
82191
82205
82236
82320
82342
82376
82395
82432
82437
82479
82569
82654
82720
82794
82824
82845
82917
82950
82980
83048
83259
83393
83406
83436
83492
83666
83676
83699
83709
83720
83832
83862
83890
83968
84009
84021
84067
84121
84143
84161
84305
84320
84340
84417
84513
84551
84596
84719
84735
84747
84934
84942
84967
85001
85099
85339
85373
85399
85404
85408
85521
85544
85555
85580
85585
85712
85813
86259
86264
86289
86427
86521
86571
86796
86953
87039
87077
87116
87162
87266
87338
87370
87432
87584
87659
87674
87764
87902
88051
88157
88238
88257
88339
88344
88345
88470
88528
88538
88651
88733
88797
88830
88924
88989
88994
89105
89191
89207
89239
89242
89274
89457
89474
89524
89545
89546
89594
89621
89638
89687
89705
89870
89887
89970
90030
90471
90562
90589
90619
90648
90654
90661
90885
90896
91103
91134
91275
91548
91633
91747
91753
91961
91967
92043
92112
92208
92366
92398
92459
92683
92730
92871
93240
93241
93267
93293
93348
93365
93468
93503
93558
93699
93754
93882
94280
94366
94422
94580
94608
94694
94797
94846
95025
95228
95277
95371
95411
95412
95442
95452
95485
95494
95720
95815
95835
95863
95886
95912
95977
96065
96144
96238
96301
96325
96508
96692
96751
96900
96904
97000
97044
97240
97510
97690
97834
97932
97973
98015
98045
98545
98673
98676
98923
99043
99482
99484
99598
99687
99790
99882
100133
100200
100304
100478
100504
100655
100706
101035
101108
101138
101238
101287
101869
101916
102224
102316
102366
102417
102419
102438
102545
102597
102624
102945
103060
103068
103107
103177
103202
103410
103458
103556
103686
103821
103824
104047
104155
104367
104371
104383
104443
104482
104694
104707
104797
104903
104960
105169
105241
105286
105328
105377
105406
105426
105610
105688
105709
106016
106066
106180
106331
106441
106493
106499
106567
106593
106856
106966
107003
107008
107167
107386
107392
107463
107531
107685
107729
107730
108381
108535
108636
108638
108643
108992
109063
109066
109081
109184
109302
109321
109502
109693
109788
109830
109837
109863
110055
110088
110166
110194
110345
110382
110404
110502
110830
110843
110845
110894
110998
111080
111352
111574
111682
111808
111845
111961
112103
112147
112155
112156
112538
112542
112640
112667
112787
112815
112870
112907
112937
113331
113588
113618
113672
113898
114607
114624
114685
114699
114715
114738
114821
114904
114924
115047
115163
115340
115396
115450
115479
115521
115598
115622
115649
115704
115826
115883
115885
115935
115962
115983
115992
116012
116065
116144
116161
116367
116469
116718
116756
116827
116877
116987
117016
117083
117243
117255
117269
117635
117638
117667
117740
118043
118373
118417
118689
118699
118781
118993
119230
119617
119733
119838
120123
120328
120502
120525
120564
120698
120735
120882
121055
121067
121114
121282
121308
121404
121407
121413
121444
121470
121558
121634
121760
121832
121866
121916
121940
121954
122004
122082
122360
122370
122374
122527
122920
122982
122986
123199
123253
123287
123570
123616
123618
123681
123883
124006
124085
124227
124364
124509
124680
124796
125080
125105
125212
125352
125644
125873
125915
125986
126024
126216
126247
126297
126358
126424
126426
126582
126625
126871
126995
127265
127314
127388
127498
127702
127817
127972
128000
128021
128125
128336
128375
128657
128877
128936
129090
129140
129226
129233
129368
129500
129594
129813
129948
130030
130082
130122
130175
130196
130382
130553
130701
130829
131279
131401
131419
131515
131570
131976
132226
132472
132549
132808
132900
132955
133338
133510
133524
133529
133574
133601
133757
133853
133931
133975
134244
134267
134386
134511
134610
134783
134807
135060
135302
135801
136182
136401
136504
136518
136628
136729
136782
136878
136908
136916
137160
137188
137304
137473
137543
137570
137617
137652
137770
137802
137812
137989
138098
138243
138399
138445
138592
138925
139002
139118
139410
139590
139814
140032
140278
140363
140519
140656
140666
140777
141044
141087
141092
141537
141690
141703
141733
141763
141823
141988
142344
142404
142436
142705
142743
142802
142907
142940
143245
143635
143899
144126
144399
144405
144631
144778
144897
144996
145145
145229
145575
145576
145719
145760
145879
146091
146273
146353
146366
146644
146661
146774
147130
147352
147358
147464
147517
147607
148290
148334
148694
148726
148789
148888
148909
149196
149284
149536
149641
149821
149943
150150
150200
150495
150566
151030
151097
151795
151800
151869
151973
152294
152389
152396
152910
153065
153272
153516
153846
154386
154493
154896
155154
155180
155299
155446
155687
155775
156080
156233
156523
156615
156629
156863
156978
157189
157314
157498
157614
157770
158227
158428
158549
158579
158620
158914
159177
159217
159706
159958
160073
160209
160226
160349
160355
160420
160596
160746
161035
161064
161079
161082
161464
161790
162170
162381
162395
162461
162555
162710
162745
162909
163341
163602
164525
164615
164849
165025
165724
166097
166445
167194
167278
167974
168043
169107
169244
169592
170057
170354
170407
171625
172025
172614
172666
173511
173968
174657
174936
175208
175398
175459
175712
175884
176862
177619
178178
178237
178341
178990
179013
179528
179734
179881
180378
180842
181724
181915
181947
182223
185296
187802
188890
189861
189877
190270
190772
192414
192978
196031
196423
198537
199980
200284
200358
201047
201984
202309
205268
206739
207122
207369
208655
209094
209327
209633
211870
211897
224668
228432
228556
234735
235885
236758
240951
242287
243004
247232
256464
258209
260257
261784
262579
265899
270968
278498
286746
287884
289014
289655
293088
296721
298089
298637
300336
325193
333886
336850
338148
338399
355864
375366
381148
381288
381503
383941
388536
418789
419175
422508
433049
451297
505338
507633
508595
511752
511756
511757
511759
511769
511776
511784
511790
511802
511805
511812
511821
511829
511853
511855
511860
511868
511869
511870
511872
511887
511925
511931
511935
511981
511989
511992
511996
512000
512001
512010
512039
512047
512060
512070
512077
512094
512108
512118
512121
512138
512159
512162
512165
512176
512187
512188
512192
512218
512228
512248
512258
512273
512314
512315
512324
512326
512328
512347
512351
512352
512354
512355
512363
512390
512391
512392
512406
512412
512415
512416
512418
512422
512451
512455
512456
512457
512459
512485
512491
512506
512507
512513
512516
512518
512520
512544
512547
512550
512562
512580
512581
512594
512595
512609
512613
512617
512662
512663
512670
512673
512690
512693
512717
512722
512732
512734
512745
512748
512788
512789
512792
512796
512824
512841
512842
512845
512855
512858
512859
512861
512881
512884
512887
512899
512906
512910
512935
512937
512946
512974
512985
513041
513054
513058
513059
513084
513091
513095
513100
513120
513125
513131
513133
513146
513153
513160
513163
513174
513202
513219
513233
513238
513283
513312
513336
513340
513345
513354
513359
513364
513372
513388
513391
513397
513409
513433
513434
513473
513484
513487
513499
513537
513542
513550
513553
513565
513575
513587
513590
513592
513594
513601
513602
513617
513634
513635
513636
513649
513650
513652
513662
513681
513690
513691
513695
513702
513707
513709
513713
513715
513764
513768
513782
513785
513791
513795
513803
513812
513824
513826
513827
513831
513862
513863
513864
513874
513879
513887
513888
513889
513904
513911
513927
513934
513935
513985
513992
514022
514028
514034
514035
514053
514077
514139
514195
514251
514255
514278
514292
514310
514324
514344
514362
514363
514369
514375
514378
514394
514432
514434
514442
514444
514467
514468
514480
514481
514523
514536
514540
514545
514555
514577
514596
514598
514605
514607
514608
514623
514628
514644
514666
514680
514701
514708
514729
514753
514764
514853
514854
514858
514861
514891
514908
514910
514925
514944
514951
514953
514979
514988
515015
515019
515034
515037
515043
515048
515071
515082
515091
515106
515140
515144
515145
515157
515158
515182
515210
515217
515219
515230
515231
515232
515236
515254
515308
515319
515337
515338
515364
515367
515371
515381
515420
515440
515461
515471
515520
515541
515555
515561
515572
515578
515579
515582
515643
515681
515687
515718
515725
515750
515757
515776
515787
515799
515800
515801
515805
515811
515829
515842
515859
515877
515914
515951
515953
515956
515959
515960
515989
515996
516072
516079
516098
516110
516132
516133
516135
516152
516198
516223
516246
516247
516285
516326
516327
516347
516360
516361
516362
516363
516369
516396
516409
516418
516434
516500
516502
516503
516513
516564
516565
516602
516616
516618
516622
516642
516643
516652
516666
516692
516695
516772
516820
516826
516870
516883
516890
516911
516918
516947
516948
516951
516953
516957
516974
516980
517023
517069
517096
517105
517167
517196
517200
517229
517231
517236
517264
517337
517338
517355
517375
517410
517413
517416
517426
517458
517462
517464
517465
517509
517519
517551
517597
517675
517681
517702
517722
517724
517726
517735
517736
517832
517841
517861
517866
517869
517878
517936
517997
517999
518039
518079
518124
518127
518176
518252
518293
518313
518319
518346
518354
518363
518379
518428
518450
518488
518489
518490
518530
518540
518577
518647
518648
518707
518715
518721
518787
518788
518870
518875
518876
518880
518902
518903
519041
519065
519093
519129
519131
519132
519141
519143
519188
519196
519229
519242
519277
519284
519290
519296
519315
519318
519320
519325
519345
519359
519365
519368
519371
519373
519387
519389
519392
519395
519398
519399
519411
519412
519413
519414
519415
519416
519420
519422
519442
519443
519454
519457
519461
519501
519508
519514
519531
519532
519567
519569
519592
519593
519616
519619
519630
519636
519655
519659
519666
519692
519705
519716
519717
519720
519724
519761
519772
519784
519791
519792
519817
519818
519840
519841
519842
519843
519850
519859
519860
519862
519864
519866
519869
519877
519879
519894
519895
519906
519909
519917
519920
519922
519925
519926
519938
519940
519944
519945
519951
519970
519982
519987
519991
520002
520003
520016
520020
520023
520029
520030
520034
520036
520037
520039
520058
520064
520081
520082
520083
520087
520088
520117
520119
520122
520151
520155
520157
520182
520188
520190
520194
520199
520205
520210
520214
520222
520235
520236
520337
520338
520340
520341
520367
520388
520391
520393
520403
520410
520412
520435
520445
520466
520468
520472
520474
520482
520488
520529
520530
520571
520572
520576
520580
520587
520604
520606
520613
520616
520617
520618
520621
520642
520662
520721
520753
520770
520773
520787
520789
520790
520791
520792
520815
520816
520817
520821
520822
520862
520884
520886
520888
520889
520899
520900
520903
520916
520928
520933
520934
521004
521011
521012
521021
521023
521026
521028
521059
521061
521086
521087
521088
521092
521104
521109
521112
521126
521127
521129
521146
521150
521158
521171
521191
521194
521195
521212
521213
521215
521219
521222
521223
521230
521231
521240
521241
521256
521258
521261
521265
521292
521305
521309
521312
521316
521323
521325
521336
521352
521358
521360
521365
521374
521375
521406
521437
521449
521451
521459
521463
521466
521490
521493
521520
521522
521525
521526
521527
521529
521537
521538
521541
521545
521551
521577
521578
521581
521584
521586
521587
521589
521649
521650
521667
521679
521687
521693
521701
521708
521721
521722
521727
521736
521748
521758
521761
521762
521763
521774
521783
521815
521928
521930
521931
521935
521937
521940
521946
521971
521972
521975
521981
521987
521988
522302
522311
522325
522346
522349
522354
522377
522386
522387
522403
522405
522407
522409
522410
522412
522419
522420
522428
522434
522439
522443
522444
522448
522465
522466
522474
522702
522709
522711
522715
522730
522734
522743
522744
522749
522763
522789
522790
522805
522807
522815
522823
522824
522828
522857
522916
522921
522966
522967
522976
523015
523017
523018
523020
523022
523025
523032
523037
523043
523044
523049
523060
523317
523331
523347
523349
523376
523385
523392
523425
523438
523455
523473
523482
523497
523510
523512
523516
523518
523528
523530
523538
523540
523541
523552
523560
523561
523564
523565
523581
523582
523585
523590
523591
523624
523626
523627
523628
523636
523640
523641
523643
523644
523672
523684
523715
523716
523723
523724
523772
523780
523808
523813
523821
523833
523834
523838
523841
523842
523858
523860
523862
523863
523874
523875
523893
523919
523921
523926
523938
523945
523985
523993
523994
524000
524005
524018
524046
524058
524063
524067
524078
524081
524082
524091
524133
524136
524137
524138
524148
524149
524150
524159
524162
524166
524170
524198
524215
524238
524242
524243
524246
524254
524268
524284
524290
524297
524305
524309
524317
524340
524363
524364
524370
524393
524398
524406
524425
524426
524431
524469
524483
524501
524502
524512
524521
524524
524527
524606
524610
524641
524646
524668
524670
524708
524733
524741
524744
524753
524755
524765
524777
524788
524789
524797
524846
524847
524881
524883
524893
524992
524993
524998
525063
525105
525127
525142
525289
525311
525350
525354
525366
525393
525400
525402
525408
525421
525452
525475
525497
525541
525552
525609
525615
525689
525777
525780
525787
525803
525958
525959
525979
526030
526031
526062
526069
526119
526218
526262
526297
526299
526311
526472
526521
526522
526664
526748
526767
526786
526836
526837
526901
526914
526983
527123
527318
527367
527409
527410
527427
527470
527525
527536
527577
527588
527589
527595
527599
527642
527654
527690
527694
527695
527699
527704
528100
528680
529023
529029
529031
529038
529069
529071
529126
529128
529129
529154
529205
529259
529262
529298
529338
529349
529408
529411
529429
529489
529498
529512
529519
529520
529542
529569
529570
529571
529572
529573
529575
529602
529603
529633
529641
529665
529708
529710
529714
529716
529727
529753
529799
529808
529811
529814
529863
529897
530021
530049
530067
530124
530151
530153
530154
530155
530156
530190
530217
530245
530273
530310
530449
530460
530509
530560
530561
530667
530685
530692
530694
530704
530777
530789
530790
530791
530794
530836
530855
530873
530874
530875
530877
530914
530938
530939
530945
530950
530953
531094
531115
531131
531142
531276
531278
531299
531425
531432
531445
531452
531475
531479
531538
531557
531583
531630
531643
531648
531678
531685
531732
531768
531808
531861
531863
531866
531867
531899
531900
531901
531914
531928
531943
531983
531985
532000
532051
532124
532125
532126
532198
532199
532328
532378
532396
532441
532567
532568
532569
532575
532577
532641
532644
532655
532662
532677
532712
532747
532748
532766
532823
532824
532827
532838
532839
532863
532905
532906
532909
532936
532942
532944
532946
532947
532975
533044
533045
533064
533065
533097
533123
533166
533293
533308
533431
533442
533469
533480
533481
533509
533529
533588
533589
533590
533630
533644
533704
533708
533720
533748
533749
533750
533752
533914
533975
534038
534040
534052
534301
534419
534420
534561
534591
534662
534777
534870
534914
534915
535044
535065
535103
535364
535761
535835
535964
536051
536053
536054
536171
536253
536276
536389
536443
536488
536501
536930
536935
536992
536997
537027
537038
537135
537495
537520
537600
537659
537751
537839
538118
539167
539192
539209
539215
539226
539227
539247
539342
539402
539437
539507
539546
541383
541572
541655
541808
542056
542058
542150
542167
542176
542246
542474
542753
542885
542887
542947
542962
543177
543277
543339
543434
543465
543719
543774
544277
544279
544285
544683
544721
544724
544894
545658
545957
546002
546129
546257
546464
547267
547554
548469
549558
550352
550384
550402
550813
550968
551017
551294
551341
552128
552720
552966
555176
555227
555259
555264
555270
555296
555304
555309
555314
555318
555340
555342
555343
555382
555383
555384
555458
555488
555498
555502
555712
555727
555731
555735
555741
555742
555746
555759
555811
555824
555827
555875
555907
556023
556037
556064
556070
556303
556343
556359
556399
556512
556567
556588
556591
556600
556700
556702
556705
556706
556773
556817
556994
557031
557110
557139
557197
557784
557800
558333
558652
558781
558801
558825
558839
558846
558868
558897
558964
558970
559015
559087
559217
559335
559410
559533
559596
559909
559918
559932
560178
560243
561332
561511
562745
562782
562992
563537
564174
565685
566234
566769
567397
567484
568004
568436
569182
569195
569525
569908
570013
570108
570199
570458
571384
572814
574984
575726
578189
578194
578449
578575
578647
578855
579647
579911
579924
580028
580188
580769
580802
580928
580955
581108
581131
581202
581219
581235
581331
581341
582265
582877
583757
585319
588414
588430
588447
588507
588857
900744
901791
902646
914539
915560
915829
915901
916052
916902
918582
919277
919942
934637
934840
941628
121521030
374042364
382559434
727208803
745221111
10047
10331
10538
10554
10619
10738
10754
10863
10927
11084
11265
11354
11393
11450
11529
11861
11879
11934
11979
12126
12141
12631
12642
12845
13128
13359
14907
15140
16134
16361
16827
20518
24808
49829
174810
192306
200682
231558
511990
517268
519878
522704
524799
533971
924612
820142
16833
63441
75379
190319
344038
549229
802955
11442
10009
10040
10051
10060
10066
10077
10085
10093
10114
10119
10157
10242
10271
10275
10282
10298
10302
10308
10330
10351
10352
10358
10414
10436
10441
10443
10451
10452
10466
10488
10503
10518
10531
10611
10612
10755
10807
10839
10843
10845
10860
10865
10870
10893
10933
10950
10966
10974
10990
11027
11029
11041
11049
11059
11085
11113
11130
11188
11217
11312
11394
11669
11684
11689
11709
11894
11981
12004
12011
12159
12196
12253
12269
12331
12409
12415
12478
12505
12513
12527
12538
12638
12713
12748
12814
12912
12987
13015
13051
13079
13112
13113
13120
13191
13248
13308
13310
13376
13408
13447
13462
13524
13569
13588
13594
13612
13671
13673
13776
13797
13802
13846
13849
13850
13875
13900
13907
13926
13997
14079
14107
14108
14118
14197
14452
14462
14486
14528
14563
14638
14650
14709
14867
14879
14886
14892
14979
15057
15159
15680
15968
16040
16076
16218
16291
16325
16455
16605
16618
16683
16940
17207
17239
17289
17306
17315
17424
17592
17663
17806
17834
18029
18131
18399
18449
18523
18584
18614
18774
19078
19259
19301
19437
19654
19656
19833
20491
20524
20546
20552
20623
20735
20794
21257
21535
21634
21646
21724
21830
21901
22025
22626
22715
22742
22745
22774
22934
22958
23110
23249
23254
23354
23408
23638
23805
24014
24126
25038
25776
25874
25965
25981
26619
27238
27489
27504
27575
27752
28501
28886
29245
29572
29727
30203
30259
30608
31207
31395
31402
31678
31722
31880
31886
32107
32173
32851
32952
32981
33268
34448
34564
34598
35821
35949
36711
37165
37703
37723
37733
37838
37939
38410
39362
39402
39550
39681
40671
43067
43090
43114
44232
44254
44609
45449
46235
47292
47672
47711
47822
49347
49488
50429
52754
53304
53497
53982
54071
54515
55096
55223
55263
56042
56768
58503
59593
60345
60750
62656
63434
63977
64605
66608
66693
66793
66824
67584
67772
68212
68683
68860
69025
71553
72251
73984
75704
76104
76904
78254
78387
79148
79506
80092
81107
81412
81579
81831
82194
83139
83982
84017
89477
89544
94255
94373
94604
95046
108146
110333
111022
113078
114202
115460
117437
117887
118357
125121
126568
148045
156932
158923
165840
179078
213422
512199
512603
513770
513821
514407
514932
515278
516594
517685
517852
518769
519977
520330
520375
521516
522889
523479
523599
524037
524343
524806
526746
529757
531484
531517
532021
534554
535109
537017
537032
542221
544565
546855
564745
594332
14428
28633
711866623
112772
174703
800719
801521
802372
802401
803005
803015
804848
805657
806591
807088
807437
807560
808163
808551
809582
810453
810750
811406
811431
812878
813255
813264
814590
816236
816918
817363
817798
817838
903327
903484
906222
936838
1050169910
1050215716
809979
810586
812134
813695
815454
817421
842998
10581
20260
27478
47170
82663
800002
800003
800004
800008
800009
800014
800018
800020
800021
800022
800024
800026
800029
800030
800032
800033
800035
800036
800037
800040
800041
800042
800046
800048
800051
800052
800053
800054
800059
800062
800063
800064
800069
800071
800072
800073
800075
800076
800077
800079
800081
800082
800084
800085
800087
800088
800089
800091
800092
800095
800097
800098
800100
800101
800102
800103
800111
800112
800113
800114
800115
800116
800117
800118
800119
800120
800123
800124
800125
800126
800127
800130
800132
800134
800135
800136
800139
800140
800141
800143
800145
800147
800148
800149
800150
800153
800157
800159
800160
800162
800163
800167
800171
800173
800174
800178
800180
800181
800182
800183
800188
800192
800193
800194
800201
800202
800203
800206
800207
800208
800211
800212
800215
800217
800220
800221
800224
800225
800226
800228
800232
800233
800235
800236
800239
800243
800244
800245
800246
800247
800250
800252
800254
800256
800257
800258
800259
800262
800263
800264
800265
800267
800268
800269
800270
800271
800272
800273
800276
800278
800279
800281
800283
800286
800287
800288
800291
800296
800297
800300
800301
800303
800304
800305
800306
800307
800312
800313
800315
800318
800319
800320
800321
800323
800326
800329
800330
800332
800334
800335
800337
800340
800341
800342
800343
800344
800345
800348
800350
800353
800354
800356
800359
800363
800364
800372
800373
800374
800375
800377
800378
800380
800382
800383
800385
800386
800387
800389
800391
800392
800394
800396
800398
800399
800401
800402
800403
800405
800406
800409
800413
800415
800417
800420
800422
800423
800424
800426
800427
800428
800430
800432
800433
800434
800436
800437
800438
800439
800440
800441
800443
800444
800446
800447
800449
800451
800452
800453
800455
800456
800459
800461
800464
800465
800466
800468
800471
800472
800473
800476
800477
800480
800483
800485
800488
800490
800492
800493
800494
800495
800496
800497
800501
800503
800505
800510
800511
800514
800516
800517
800518
800524
800525
800526
800527
800529
800531
800536
800537
800539
800543
800544
800546
800554
800555
800556
800557
800560
800561
800562
800564
800565
800566
800567
800574
800575
800576
800579
800580
800582
800583
800586
800588
800592
800593
800594
800595
800596
800597
800602
800613
800618
800622
800628
800631
800632
800638
800642
800646
800650
800654
800657
800662
800663
800666
800671
800672
800675
800676
800677
800679
800681
800684
800685
800687
800688
800690
800691
800697
800698
800699
800700
800703
800704
800705
800707
800712
800713
800716
800717
800720
800721
800722
800723
800724
800725
800726
800727
800731
800736
800737
800745
800751
800756
800757
800759
800769
800773
800774
800782
800785
800787
800788
800793
800795
800796
800799
800809
800810
800814
800816
800822
800827
800829
800832
800833
800835
800836
800837
800838
800842
800846
800848
800849
800856
800870
800879
800880
800883
800884
800885
800892
800893
800896
800900
800903
800904
800905
800908
800916
800919
800920
800922
800938
800941
800947
800948
800949
800951
800952
800953
800954
800955
800961
800965
800966
800969
800970
800972
800976
800977
800978
800982
800987
800996
800999
801014
801016
801027
801037
801043
801045
801047
801049
801050
801051
801052
801053
801054
801060
801065
801067
801069
801074
801077
801082
801084
801087
801088
801089
801091
801093
801097
801098
801102
801105
801109
801111
801113
801114
801116
801117
801120
801125
801126
801127
801129
801138
801140
801142
801143
801147
801150
801152
801159
801164
801166
801167
801174
801176
801180
801184
801186
801188
801189
801190
801195
801196
801199
801200
801207
801209
801212
801218
801219
801233
801235
801244
801246
801248
801249
801252
801253
801258
801262
801265
801266
801270
801273
801277
801278
801280
801282
801287
801293
801296
801299
801302
801305
801312
801317
801318
801321
801325
801337
801347
801349
801351
801356
801363
801368
801371
801378
801382
801383
801385
801389
801390
801392
801396
801397
801400
801404
801411
801412
801415
801417
801422
801423
801427
801430
801431
801437
801442
801443
801447
801455
801457
801459
801466
801474
801478
801482
801487
801495
801500
801504
801506
801508
801510
801511
801514
801515
801517
801519
801523
801526
801527
801529
801534
801535
801537
801538
801539
801542
801552
801554
801561
801564
801568
801569
801571
801572
801574
801575
801576
801579
801580
801583
801590
801598
801602
801603
801604
801605
801608
801613
801614
801616
801618
801621
801626
801630
801634
801638
801640
801657
801658
801659
801670
801677
801681
801682
801686
801687
801688
801690
801691
801702
801706
801707
801711
801722
801725
801728
801730
801732
801733
801744
801746
801747
801748
801749
801752
801755
801758
801763
801765
801772
801773
801774
801775
801781
801787
801791
801793
801795
801798
801801
801802
801803
801804
801805
801809
801820
801823
801826
801828
801835
801844
801845
801851
801855
801856
801860
801861
801863
801865
801867
801872
801873
801876
801880
801882
801886
801890
801892
801904
801907
801913
801916
801919
801920
801921
801927
801930
801937
801938
801941
801954
801956
801958
801961
801966
801973
801974
801975
801981
801984
801994
802002
802005
802006
802010
802013
802016
802017
802018
802019
802024
802035
802037
802038
802039
802043
802044
802046
802051
802053
802056
802065
802067
802069
802071
802079
802080
802083
802092
802097
802099
802101
802115
802117
802118
802124
802132
802134
802138
802140
802143
802147
802156
802163
802175
802177
802181
802182
802189
802190
802192
802204
802207
802209
802223
802233
802235
802238
802239
802241
802242
802248
802258
802259
802261
802274
802279
802283
802284
802286
802289
802290
802294
802296
802307
802308
802310
802312
802317
802322
802323
802324
802330
802338
802341
802346
802356
802360
802366
802371
802374
802376
802378
802381
802382
802383
802384
802385
802386
802387
802390
802396
802399
802402
802404
802406
802411
802415
802421
802423
802440
802443
802452
802453
802455
802460
802465
802467
802469
802471
802477
802478
802480
802485
802486
802487
802488
802489
802490
802491
802492
802495
802498
802505
802506
802507
802510
802516
802523
802524
802527
802531
802535
802536
802540
802541
802543
802548
802551
802554
802555
802558
802562
802565
802566
802569
802583
802588
802595
802599
802609
802610
802613
802614
802615
802621
802623
802625
802629
802633
802637
802638
802640
802644
802650
802652
802654
802658
802660
802662
802663
802668
802674
802675
802676
802677
802681
802684
802696
802702
802705
802706
802712
802714
802718
802723
802724
802725
802734
802743
802747
802751
802753
802755
802757
802761
802765
802766
802775
802777
802778
802780
802783
802786
802789
802799
802801
802802
802804
802812
802825
802827
802831
802833
802845
802846
802849
802850
802852
802859
802860
802866
802871
802876
802878
802880
802886
802889
802894
802897
802898
802906
802911
802914
802915
802916
802917
802918
802929
802938
802941
802949
802950
802951
802957
802959
802960
802968
802975
802984
802985
802987
803000
803001
803004
803007
803011
803014
803016
803017
803025
803027
803031
803033
803034
803035
803036
803038
803039
803041
803042
803046
803049
803054
803055
803062
803069
803073
803074
803082
803083
803089
803092
803104
803105
803108
803113
803119
803126
803130
803136
803143
803144
803146
803149
803157
803158
803160
803169
803173
803174
803177
803189
803196
803197
803200
803205
803207
803210
803213
803217
803221
803228
803232
803233
803239
803240
803244
803252
803253
803256
803259
803261
803263
803264
803265
803269
803274
803280
803291
803292
803299
803300
803302
803304
803309
803312
803316
803322
803323
803324
803326
803328
803333
803337
803340
803345
803354
803356
803365
803377
803381
803387
803389
803391
803394
803397
803404
803405
803407
803411
803415
803418
803420
803422
803426
803427
803428
803430
803431
803435
803438
803439
803440
803442
803444
803448
803452
803454
803458
803465
803468
803470
803483
803484
803490
803493
803501
803502
803505
803507
803509
803514
803519
803528
803540
803544
803553
803563
803564
803566
803572
803574
803577
803579
803583
803587
803588
803590
803594
803597
803605
803606
803608
803609
803610
803611
803623
803630
803635
803642
803643
803645
803647
803648
803652
803653
803658
803666
803670
803671
803674
803675
803679
803681
803683
803689
803705
803718
803724
803731
803740
803741
803742
803745
803749
803750
803756
803758
803763
803764
803766
803769
803771
803782
803785
803795
803797
803799
803805
803806
803812
803822
803824
803826
803828
803831
803834
803838
803839
803840
803842
803843
803848
803850
803852
803857
803860
803866
803868
803869
803870
803873
803883
803885
803893
803902
803910
803911
803919
803920
803921
803924
803929
803935
803947
803953
803954
803955
803979
803984
803986
803991
803997
804001
804002
804004
804009
804012
804014
804016
804017
804019
804020
804026
804032
804034
804035
804041
804042
804043
804052
804054
804055
804063
804064
804072
804073
804077
804084
804085
804088
804092
804093
804097
804103
804106
804111
804112
804113
804115
804116
804137
804141
804146
804148
804150
804154
804156
804158
804160
804167
804177
804179
804186
804189
804190
804198
804204
804208
804210
804211
804220
804227
804230
804236
804238
804250
804254
804258
804260
804269
804282
804284
804285
804295
804297
804298
804299
804306
804311
804312
804321
804325
804328
804336
804340
804344
804348
804350
804353
804358
804378
804384
804385
804388
804400
804410
804411
804420
804427
804435
804444
804448
804452
804453
804455
804462
804468
804469
804485
804496
804502
804503
804516
804518
804520
804527
804529
804532
804539
804550
804551
804555
804556
804558
804559
804564
804566
804584
804589
804591
804593
804597
804600
804601
804603
804607
804612
804617
804624
804627
804630
804631
804634
804636
804638
804640
804650
804653
804655
804656
804659
804664
804676
804682
804684
804687
804689
804696
804707
804709
804712
804719
804729
804737
804739
804745
804754
804759
804764
804778
804779
804795
804797
804800
804818
804826
804827
804832
804838
804840
804845
804856
804857
804863
804872
804880
804882
804886
804890
804901
804905
804906
804907
804908
804912
804920
804927
804931
804943
804946
804950
804968
804969
804970
804971
804976
804984
804993
805006
805007
805014
805045
805058
805059
805060
805062
805070
805073
805075
805079
805082
805095
805098
805099
805101
805104
805109
805114
805115
805117
805118
805120
805126
805129
805130
805132
805138
805139
805152
805154
805158
805159
805162
805168
805170
805175
805187
805190
805191
805194
805196
805203
805206
805208
805213
805218
805222
805226
805227
805229
805235
805238
805243
805246
805252
805265
805269
805273
805276
805280
805286
805291
805307
805332
805333
805343
805345
805350
805352
805356
805357
805358
805360
805361
805363
805365
805366
805367
805371
805373
805378
805386
805389
805390
805396
805399
805401
805405
805406
805411
805413
805414
805416
805419
805422
805423
805428
805438
805442
805456
805461
805463
805471
805480
805500
805503
805515
805519
805522
805524
805525
805529
805541
805543
805563
805570
805571
805585
805595
805599
805602
805604
805605
805607
805608
805618
805626
805627
805638
805639
805641
805645
805654
805658
805670
805672
805673
805676
805682
805689
805693
805694
805697
805698
805700
805704
805710
805717
805723
805724
805727
805736
805738
805746
805748
805752
805754
805759
805766
805773
805784
805788
805798
805803
805809
805825
805826
805827
805832
805837
805838
805846
805849
805850
805866
805873
805876
805891
805902
805903
805917
805923
805925
805927
805932
805934
805940
805943
805946
805948
805958
805961
805962
805982
805984
805988
805991
805994
806004
806005
806018
806019
806021
806028
806029
806030
806033
806034
806038
806048
806054
806058
806059
806060
806062
806077
806079
806081
806082
806091
806092
806096
806105
806106
806111
806113
806116
806119
806125
806128
806136
806138
806139
806149
806171
806172
806177
806179
806180
806184
806188
806190
806192
806205
806210
806213
806217
806227
806230
806234
806240
806241
806245
806255
806256
806257
806258
806264
806270
806271
806278
806284
806299
806301
806314
806322
806324
806329
806333
806334
806338
806343
806349
806351
806358
806367
806369
806370
806372
806377
806379
806380
806384
806386
806400
806404
806413
806414
806417
806421
806424
806431
806433
806442
806444
806461
806462
806465
806467
806468
806472
806486
806490
806493
806497
806499
806501
806502
806505
806507
806519
806521
806529
806532
806536
806542
806547
806549
806560
806566
806575
806578
806579
806580
806587
806598
806602
806604
806608
806628
806635
806639
806647
806653
806677
806685
806700
806704
806705
806711
806715
806720
806722
806732
806737
806741
806755
806775
806781
806787
806794
806795
806799
806804
806809
806813
806815
806816
806820
806823
806825
806827
806838
806839
806845
806852
806858
806862
806876
806880
806887
806893
806908
806911
806915
806919
806924
806925
806931
806937
806944
806951
806955
806964
806969
806971
806973
806976
806981
806983
806985
806990
806999
807008
807011
807015
807016
807021
807033
807039
807048
807055
807058
807073
807078
807080
807083
807097
807106
807109
807111
807114
807126
807131
807136
807139
807140
807148
807156
807157
807158
807161
807164
807166
807174
807187
807190
807199
807204
807207
807229
807230
807245
807251
807262
807265
807268
807269
807271
807279
807287
807289
807298
807302
807310
807317
807318
807330
807333
807336
807349
807351
807352
807355
807361
807364
807370
807376
807387
807392
807397
807400
807406
807413
807418
807419
807425
807430
807431
807432
807436
807443
807445
807462
807485
807487
807491
807492
807499
807511
807515
807517
807518
807522
807525
807537
807542
807543
807548
807558
807576
807593
807599
807605
807612
807613
807616
807622
807631
807642
807645
807655
807660
807662
807668
807671
807674
807675
807680
807683
807685
807698
807699
807707
807723
807732
807735
807739
807753
807770
807774
807780
807782
807789
807792
807796
807801
807807
807815
807821
807826
807827
807832
807834
807839
807841
807845
807849
807851
807852
807858
807865
807867
807869
807872
807877
807885
807895
807897
807916
807937
807940
807941
807948
807952
807954
807956
807957
807959
807960
807966
807974
807993
807998
808003
808004
808006
808008
808013
808021
808023
808032
808033
808036
808039
808047
808055
808059
808060
808062
808067
808079
808097
808100
808105
808110
808112
808132
808149
808152
808153
808154
808156
808159
808168
808177
808183
808185
808190
808191
808194
808204
808207
808213
808215
808219
808229
808234
808238
808246
808247
808257
808272
808284
808289
808293
808298
808305
808308
808314
808322
808325
808358
808370
808376
808384
808386
808388
808396
808408
808421
808427
808430
808436
808438
808440
808448
808466
808471
808478
808479
808493
808506
808508
808520
808526
808541
808545
808549
808556
808559
808564
808566
808575
808579
808590
808608
808609
808631
808632
808637
808642
808645
808649
808655
808662
808670
808674
808707
808711
808712
808719
808735
808744
808746
808760
808774
808776
808777
808787
808788
808790
808821
808831
808836
808851
808867
808873
808875
808878
808894
808899
808902
808911
808916
808919
808940
808949
808950
808977
808992
808996
809009
809015
809029
809033
809034
809039
809064
809071
809075
809081
809092
809106
809112
809118
809119
809122
809136
809138
809141
809147
809150
809156
809158
809161
809184
809204
809206
809209
809212
809219
809221
809225
809232
809234
809244
809249
809263
809275
809284
809289
809291
809309
809310
809314
809317
809319
809323
809329
809332
809334
809365
809378
809381
809392
809393
809395
809396
809406
809409
809421
809422
809430
809439
809441
809445
809452
809460
809464
809465
809481
809493
809499
809502
809507
809524
809527
809566
809570
809573
809579
809580
809597
809610
809615
809620
809621
809622
809628
809640
809643
809672
809676
809680
809681
809683
809688
809689
809690
809697
809712
809722
809736
809739
809741
809754
809755
809756
809759
809766
809777
809779
809781
809786
809792
809794
809800
809818
809821
809830
809849
809856
809858
809863
809884
809886
809887
809891
809897
809900
809902
809906
809918
809928
809942
809947
809981
809982
810001
810008
810013
810024
810029
810036
810067
810068
810081
810097
810099
810117
810126
810148
810149
810165
810166
810178
810184
810191
810192
810194
810196
810197
810202
810205
810212
810225
810228
810242
810248
810257
810258
810267
810268
810272
810286
810308
810312
810314
810316
810323
810327
810330
810335
810336
810337
810343
810345
810346
810363
810365
810367
810405
810414
810431
810440
810441
810442
810466
810480
810482
810486
810509
810522
810529
810530
810540
810543
810558
810570
810592
810599
810607
810610
810618
810626
810642
810646
810650
810659
810668
810673
810676
810680
810686
810693
810697
810705
810726
810736
810739
810747
810752
810756
810795
810799
810804
810805
810806
810810
810815
810816
810817
810826
810827
810849
810862
810863
810865
810875
810878
810888
810900
810904
810912
810922
810932
810936
810947
810949
810954
810959
810963
810966
810968
810974
810979
811004
811013
811025
811029
811031
811032
811033
811044
811065
811075
811088
811099
811103
811104
811109
811111
811116
811136
811138
811141
811144
811155
811156
811163
811172
811174
811175
811207
811213
811248
811269
811319
811357
811358
811363
811374
811376
811380
811381
811386
811392
811407
811408
811410
811416
811425
811438
811444
811447
811469
811481
811492
811503
811507
811518
811524
811536
811547
811555
811556
811559
811564
811570
811574
811606
811611
811615
811617
811625
811628
811640
811660
811662
811664
811669
811674
811685
811697
811716
811721
811723
811740
811742
811744
811752
811764
811766
811792
811793
811796
811806
811825
811829
811830
811832
811836
811844
811853
811856
811879
811881
811886
811893
811898
811917
811934
811939
811942
811945
811961
811974
811980
811990
811991
811995
812048
812053
812072
812076
812083
812119
812123
812133
812135
812155
812165
812166
812183
812189
812194
812203
812205
812206
812221
812224
812235
812248
812250
812255
812283
812295
812297
812298
812322
812325
812327
812328
812334
812335
812362
812367
812368
812392
812403
812416
812425
812456
812467
812482
812486
812498
812512
812528
812546
812554
812555
812565
812597
812607
812618
812622
812632
812634
812672
812677
812693
812704
812715
812724
812726
812747
812779
812800
812818
812825
812831
812851
812909
812916
812936
812937
812949
812963
812964
812996
813006
813020
813021
813029
813067
813075
813103
813108
813111
813139
813194
813202
813231
813282
813295
813301
813304
813325
813343
813403
813422
813434
813456
813457
813464
813481
813497
813535
813542
813550
813553
813578
813593
813594
813687
813697
813709
813712
813728
813748
813807
813808
813814
813819
813841
813842
813851
813868
813869
813871
813887
813896
813902
813910
813914
813974
813978
814023
814031
814038
814052
814061
814065
814075
814080
814090
814132
814155
814162
814183
814209
814213
814219
814223
814227
814233
814239
814271
814276
814277
814281
814291
814294
814323
814334
814346
814356
814373
814435
814454
814456
814468
814473
814499
814543
814572
814625
814626
814645
814664
814686
814729
814787
814808
814816
814821
814836
814850
814865
814902
814919
814920
814925
814979
814981
815000
815022
815039
815040
815054
815083
815127
815135
815198
815229
815231
815258
815264
815285
815323
815335
815336
815345
815347
815358
815363
815389
815390
815420
815451
815485
815490
815564
815571
815584
815601
815640
815680
815721
815803
815818
815838
815841
815862
815932
815997
816007
816013
816039
816103
816140
816160
816201
816257
816281
816308
816315
816316
816319
816337
816344
816422
816446
816459
816535
816537
816564
816668
816671
816725
816743
816758
816814
816861
816908
816915
816957
817067
817074
817093
817123
817155
817196
817216
817237
817241
817332
817443
817449
817466
817467
817485
817494
817542
817545
817605
817664
817676
817708
817715
817745
817784
817809
817945
818063
818159
818183
818195
818200
818230
818334
818433
818458
818551
818556
818624
818630
818811
818825
818953
819028
819070
819204
819402
819547
819665
819840
819933
819968
819971
819977
820091
820267
820276
820457
820505
820617
820741
820742
820881
821189
821349
821592
821996
822174
822543
823921
824329
824886
824928
827407
827704
828481
829894
833689
837680
840621
849981
852122
855495
902275
902276
902280
902287
902293
902304
902308
902317
902335
902341
902348
902349
902404
902423
902427
902430
902431
902439
902443
902445
902451
902453
902463
902476
902483
902501
902504
902505
902510
902512
902520
902529
902551
902552
902553
902566
902580
902619
902652
902667
902688
902691
902699
902704
902736
902758
902760
902784
902789
902796
902806
902807
902818
902825
902837
902844
902859
902874
902880
902896
902904
902906
902923
902943
902983
903026
903054
903066
903079
903085
903093
903107
903108
903116
903123
903125
903136
903171
903179
903189
903222
903232
903253
903254
903280
903284
903308
903314
903317
903332
903341
903361
903366
903397
903400
903414
903421
903425
903445
903446
903456
903463
903470
903479
903487
903494
903523
903545
903551
903561
903564
903567
903572
903586
903602
903604
903608
903613
903619
903622
903623
903631
903634
903653
903665
903667
903693
903701
903727
903732
903758
903765
903785
903792
903801
903819
903833
903836
903838
903846
903851
903855
903888
903891
903932
903933
903938
903944
903947
903973
904006
904010
904022
904033
904037
904044
904046
904047
904052
904061
904066
904077
904101
904105
904107
904121
904122
904124
904168
904194
904199
904207
904218
904236
904245
904249
904271
904310
904318
904323
904366
904395
904423
904427
904584
904586
904587
904624
904639
904656
904664
904672
904674
904685
904699
904707
904736
904737
904743
904758
904795
904800
904802
904812
904813
904814
904821
904831
904838
904846
904851
904853
904868
904904
904915
904926
904929
904938
904940
904941
904946
904947
904948
904957
904958
904962
904965
904980
904983
904989
905003
905004
905005
905009
905010
905022
905024
905025
905039
905043
905063
905068
905069
905075
905078
905079
905085
905090
905105
905118
905119
905130
905139
905147
905149
905156
905168
905172
905207
905217
905228
905231
905237
905247
905250
905259
905268
905284
905286
905287
905299
905300
905303
905312
905338
905355
905387
905415
905420
905447
905463
905491
905501
905510
905514
905529
905534
905550
905552
905557
905560
905597
905604
905610
905618
905625
905700
905703
905706
905729
905735
905765
905805
905812
905871
905899
905901
905910
905924
905938
905939
905940
905977
905982
905989
905990
906004
906016
906088
906093
906106
906179
906184
906188
906193
906246
906275
906299
906330
906353
906365
906419
906431
906450
906482
906490
906551
906554
906562
906567
906624
906663
906684
906824
906826
906956
906999
907001
907002
907017
907040
907189
907237
907238
907240
907243
907261
907262
907269
907386
907391
907392
907398
907399
907400
907402
907419
907423
907446
907459
907462
907468
907472
907473
907485
907495
907499
907500
907504
907525
907554
907566
907610
907619
907640
907643
907675
907676
907684
907685
907690
907699
907728
907745
907782
907818
907847
907849
907856
907873
907883
907895
907896
907938
907945
907967
907975
907998
908010
908011
908024
908025
908048
908049
908081
908089
908101
908134
908147
908152
908157
908183
908186
908190
908221
908226
908289
908291
908295
908323
908328
908338
908339
908352
908365
908389
908466
908471
908472
908519
908543
908544
908561
908570
908649
908668
908686
908713
908717
908728
908737
908738
908819
908824
908857
908880
908895
908925
908927
908937
908958
908971
908973
909000
909002
909041
909045
909058
909059
909065
909097
909118
909127
909132
909169
909174
909181
909212
909217
909233
909250
909253
909257
909262
909266
909314
909324
909325
909328
909402
909418
909419
909435
909443
909451
909475
909539
909568
909572
909575
909582
909585
909597
909598
909601
909633
909661
909718
909727
909760
909797
909820
909944
909990
910006
910008
910011
910025
910029
910040
910103
910116
910126
910169
910170
910291
910303
910315
910326
910329
910352
910376
910402
910429
910430
910444
910512
910528
910547
910549
910552
910563
910615
910631
910712
910737
910768
910776
910779
910784
910810
910848
910882
910903
910912
910958
910961
910991
911033
911199
911212
911243
911244
911395
911437
911456
911479
911555
911616
911639
911669
911744
911803
911838
911964
911967
912057
912073
912122
912165
912190
912203
912223
912257
912285
912290
912294
912337
912385
912402
912485
912503
912522
912609
912762
912796
912966
913071
913120
913397
913405
913417
913431
913441
913455
913464
913931
914039
914311
914339
914445
914615
919472
919485
919511
919595
920112
923228
924572
924883
924901
925136
925137
926154
926518
926810
926811
928024
928274
928349
928393
928497
928792
928813
929268
929514
929612
929616
929704
932050
932493
932613
932811
932853
933157
933241
933260
933395
933697
933729
933913
934092
934157
934185
934591
934616
934752
934841
934899
935009
935149
935267
935351
935417
935467
935843
935863
935925
935961
935973
936035
936263
936399
936446
936507
936611
936775
936795
936868
939006
939660
939916
940081
940239
940256
940354
940391
940392
940393
940467
940542
940556
940583
940584
940589
940636
940639
940696
940733
941319
941677
942770
944533
944539
945953
946194
1050115348
1050366152
1050443274
1050455205
1050636983
1050765441
1050796990
1050859066
1051013755
1051296846
1051589143
1051816135
1053775329
1053964972
1054019402
1054498550
1054870177
1056972208
1081918207
1083561240
1121362744
837551
903493
